ufs_serial,run_id,wafer_no,date,die_x,die_y,health,split,position,pred
S00005,29,10,2025-11-15,28,18,0.0,val,1,0.0001188709008815
S00006,29,11,2025-11-15,52,14,0.0,val,1,0.0001161768890058
S00007,29,5,2025-11-15,43,12,0.0,val,1,0.000135947418092
S00008,29,6,2025-11-15,26,14,0.0,val,1,0.0001460287334946
S00010,29,7,2025-11-15,54,27,0.0,val,1,0.0001527636308059
S00011,29,7,2025-11-15,58,23,0.0048346538650479,val,1,0.0001567410771094
S00415,29,12,2025-11-15,22,19,0.0,val,1,0.000172272197531
S00652,29,5,2025-11-15,27,28,0.0,val,1,0.0001220241061634
S01754,29,25,2025-11-15,33,32,0.0190191074177757,val,1,0.0008051773527418
S02083,29,6,2025-11-15,39,23,0.0,val,1,0.0001268683241513
S02089,29,2,2025-11-15,26,17,0.0,val,1,0.0001828993621108
S02151,29,19,2025-11-15,25,24,0.0,val,1,9.728877532377053e-05
S02264,29,7,2025-11-15,41,30,0.0,val,1,0.0001600628902331
S02266,29,7,2025-11-15,26,21,0.0,val,1,0.0001664706324435
S02268,29,2,2025-11-15,49,18,0.0,val,1,0.0001316860029201
S02270,29,1,2025-11-15,31,25,0.0,val,1,0.0001154040159022
S02273,29,23,2025-11-15,52,29,0.0,val,1,0.0001107476733837
S02303,29,18,2025-11-15,43,31,0.0,val,1,0.0001850656569612
S02380,29,20,2025-11-15,18,15,0.0,val,1,0.0008392526444694
S02558,29,10,2025-11-15,39,28,0.0,val,1,0.0001129193793427
S02568,29,1,2025-11-15,17,19,0.0,val,1,0.0001600241682403
S03437,29,19,2025-11-15,52,16,0.0,val,1,0.0001069956587537
S03444,29,19,2025-11-15,47,30,0.0,val,1,0.000107877138687
S03456,29,5,2025-11-15,29,18,0.0,val,1,0.0001086566455235
S03693,29,19,2025-11-15,60,27,0.0,val,1,0.0001202982233656
S03695,29,19,2025-11-15,37,27,0.0,val,1,9.675015307822115e-05
S03699,29,20,2025-11-15,48,21,0.0,val,1,0.0001150926891052
S03702,29,4,2025-11-15,23,21,0.0,val,1,9.600589260665208e-05
S03711,29,6,2025-11-15,39,12,0.0,val,1,0.000184089948294
S03718,29,8,2025-11-15,26,16,0.0,val,1,0.0001202124046121
S03868,29,24,2025-11-15,23,22,0.0,val,1,0.0001450869073774
S03873,29,1,2025-11-15,53,14,0.0,val,1,0.0001286927932379
S03875,29,24,2025-11-15,36,23,0.0,val,1,0.0001332839027376
S04282,29,18,2025-11-15,33,15,0.0,val,1,0.0001420687867051
S04286,29,19,2025-11-15,54,29,0.0,val,1,0.0001067905531821
S04287,29,24,2025-11-15,60,16,0.0,val,1,0.0002554861905511
S04293,29,4,2025-11-15,52,30,0.0,val,1,0.0001376163236707
S04294,29,7,2025-11-15,20,16,0.0,val,1,0.000221155960235
S04363,29,16,2025-11-15,29,22,0.0,val,1,0.0001063684701213
S04370,29,6,2025-11-15,37,13,0.0,val,1,0.00011337404956
S04728,29,12,2025-11-15,26,14,0.0,val,1,0.0001879143708539
S04734,29,5,2025-11-15,38,18,0.0,val,1,0.0001025733095864
S04735,29,2,2025-11-15,29,23,0.0,val,1,0.0001288394739567
S04738,29,24,2025-11-15,52,30,0.0,val,1,0.0001713550759933
S04739,29,1,2025-11-15,29,21,0.0,val,1,0.0001285805774863
S04866,29,2,2025-11-15,40,13,0.0,val,1,0.0001647009002853
S04867,29,7,2025-11-15,30,23,0.0,val,1,0.0001566921370723
S04873,29,13,2025-11-15,55,28,0.0,val,1,0.0001653599402189
S05042,29,17,2025-11-15,31,29,0.0,val,1,0.0002688032366978
S05250,29,8,2025-11-15,57,20,0.0,val,1,0.0001103022185307
S05251,29,8,2025-11-15,57,28,0.0,val,1,0.0001592787247578
S05258,29,24,2025-11-15,23,28,0.0,val,1,0.0001681681958266
S05931,29,23,2025-11-15,52,15,0.0,val,1,0.000105978144066
S05932,29,23,2025-11-15,34,13,0.0,val,1,0.0001144404669397
S05973,29,1,2025-11-15,44,22,0.0,val,1,0.0001293593288631
S05975,29,8,2025-11-15,54,16,0.0,val,1,0.000135992365569
S05977,29,10,2025-11-15,28,30,0.0,val,1,0.0001423674321261
S05984,29,7,2025-11-15,37,16,0.0,val,1,0.00014468209189
S05985,29,16,2025-11-15,15,20,0.0,val,1,0.0001320159249499
S05987,29,5,2025-11-15,39,13,0.0,val,1,0.000122144454619
S06157,29,8,2025-11-15,15,25,0.0,val,1,0.0001732037882058
S06161,29,24,2025-11-15,35,19,0.0,val,1,0.0001236296212559
S06922,29,19,2025-11-15,43,21,0.0,val,1,9.615820718720596e-05
S07786,29,17,2025-11-15,38,32,0.0189190883726762,val,1,0.0008049855980352
S07877,29,4,2025-11-15,42,24,0.0,val,1,0.0001345023400851
S07891,29,17,2025-11-15,36,12,0.0,val,1,0.0002232784912939
S07892,29,25,2025-11-15,29,18,0.0,val,1,0.0001300356874731
S07894,29,18,2025-11-15,47,19,0.0,val,1,0.0001334094272624
S08764,29,17,2025-11-15,21,25,0.0,val,1,0.0002419431300877
S08846,29,13,2025-11-15,44,30,0.0,val,1,0.0001761289059359
S09075,29,10,2025-11-15,29,30,0.0,val,1,0.0001408139166287
S09076,29,10,2025-11-15,24,28,0.0,val,1,0.0001306208453538
S09078,29,10,2025-11-15,37,22,0.0,val,1,0.0001283928129302
S09081,29,7,2025-11-15,34,31,0.0,val,1,0.0002006630140007
S09083,29,8,2025-11-15,42,31,0.0,val,1,0.0001605960996314
S09085,29,4,2025-11-15,33,17,0.0,val,1,9.597581613183872e-05
S09086,29,24,2025-11-15,38,18,0.0,val,1,0.000146305992592
S09089,29,25,2025-11-15,38,18,0.0,val,1,0.0001176744666632
S09291,29,20,2025-11-15,44,20,0.0,val,1,0.0001021363507273
S09300,29,12,2025-11-15,43,29,0.0,val,1,0.0001566993193192
S09302,29,14,2025-11-15,17,19,0.0,val,1,0.0001285074355066
S09305,29,6,2025-11-15,28,26,0.0,val,1,0.0001136779716026
S09307,29,5,2025-11-15,25,22,0.0,val,1,0.0001099436204779
S09633,29,22,2025-11-15,37,21,0.0,val,1,0.0001079657426001
S09649,29,13,2025-11-15,33,28,0.0,val,1,0.0001390396712835
S09797,29,22,2025-11-15,31,31,0.0116291766761301,val,1,0.0008675287000393
S09931,29,2,2025-11-15,36,16,0.0066210520145583,val,1,0.0001525230211237
S10086,29,16,2025-11-15,34,29,0.0,val,1,0.0001162751503314
S10088,29,16,2025-11-15,43,17,0.0,val,1,0.0001153749935017
S10090,29,7,2025-11-15,25,14,0.0,val,1,0.0002206632384919
S10093,29,5,2025-11-15,48,21,0.0,val,1,0.0001096802982886
S10172,29,4,2025-11-15,63,26,0.0,val,1,0.0008755885360009
S10188,29,24,2025-11-15,36,30,0.0,val,1,0.0001637974466082
S10199,29,14,2025-11-15,18,21,0.0,val,1,0.0001171277277449
S10202,29,8,2025-11-15,36,23,0.0,val,1,0.0001110829222166
S10317,29,11,2025-11-15,22,21,0.0,val,1,0.0001194415898304
S10319,29,16,2025-11-15,51,19,0.0,val,1,0.0001083622261964
S10616,29,2,2025-11-15,19,15,0.0,val,1,0.0008534126832124
S10646,29,6,2025-11-15,18,18,0.0,val,1,0.00022323544937
S10884,29,23,2025-11-15,25,13,0.0105750145144277,val,1,0.0008764597978024
S11550,29,23,2025-11-15,34,31,0.0,val,1,0.0001105107400983
S11552,29,20,2025-11-15,19,23,0.0,val,1,0.0001133581069154
S11565,29,11,2025-11-15,33,23,0.0,val,1,0.0001115939062618
S11567,29,16,2025-11-15,33,15,0.0,val,1,0.0001334225001896
S11568,29,10,2025-11-15,43,14,0.0,val,1,0.0001214516009753
S11569,29,11,2025-11-15,54,18,0.0,val,1,0.0001149186409212
S11570,29,12,2025-11-15,43,14,0.0,val,1,0.0001599438308201
S11572,29,8,2025-11-15,42,22,0.0,val,1,0.0001186396834049
S11573,29,13,2025-11-15,37,21,0.0,val,1,0.0001410189294814
S11576,29,14,2025-11-15,23,26,0.0,val,1,0.0001082391946031
S11657,29,25,2025-11-15,58,29,0.0,val,1,0.0007807107861159
S11998,29,5,2025-11-15,54,13,0.0,val,1,0.0008510653020505
S12370,29,20,2025-11-15,44,14,0.0,val,1,0.0001700522819529
S12846,29,1,2025-11-15,23,16,0.0,val,1,0.000132321368523
S12848,29,11,2025-11-15,58,21,0.0,val,1,0.0001118486456442
S12853,29,11,2025-11-15,29,20,0.0,val,1,0.0001130081152889
S12856,29,11,2025-11-15,40,30,0.0,val,1,0.000146606549948
S12858,29,16,2025-11-15,53,20,0.0,val,1,0.0001104617099475
S12862,29,5,2025-11-15,41,29,0.0,val,1,0.0001667910355567
S12868,29,17,2025-11-15,55,21,0.0,val,1,0.0001983324816841
S12948,29,13,2025-11-15,18,16,0.0,val,1,0.0002229271870101
S12956,29,22,2025-11-15,16,20,0.0,val,1,0.0001138748910675
S13110,29,25,2025-11-15,16,25,0.0,val,1,0.0002010802660739
S13111,29,16,2025-11-15,25,28,0.0,val,1,0.0001105498367518
S13121,29,5,2025-11-15,27,26,0.0,val,1,0.0001203762957226
S13122,29,24,2025-11-15,58,24,0.0,val,1,0.0001453399079358
S13156,29,19,2025-11-15,25,15,0.0,val,1,0.0001080920557908
S13160,29,18,2025-11-15,39,25,0.0,val,1,0.0001253657698431
S13166,29,2,2025-11-15,53,15,0.0,val,1,0.0001503102256891
S13169,29,1,2025-11-15,41,15,0.0,val,1,0.0001222336248965
S13170,29,5,2025-11-15,17,22,0.0,val,1,0.0001464835099229
S13172,29,12,2025-11-15,50,18,0.0,val,1,0.0001563533775479
S13173,29,13,2025-11-15,59,21,0.0,val,1,0.0001577595116603
S13324,29,16,2025-11-15,51,27,0.0,val,1,0.0001145732556922
S13651,29,16,2025-11-15,49,12,0.0018450252994917,val,1,0.000817197759711
S13659,29,12,2025-11-15,38,22,0.0,val,1,0.0001545105576844
S14161,29,16,2025-11-15,44,25,0.0,val,1,0.0001163217569385
S14162,29,13,2025-11-15,48,23,0.0,val,1,0.0001682880326348
S14163,29,11,2025-11-15,39,24,0.0,val,1,0.000112579611459
S14164,29,10,2025-11-15,57,17,0.0,val,1,0.0001303139474892
S14168,29,13,2025-11-15,28,30,0.0,val,1,0.000203531308037
S14171,29,14,2025-11-15,35,18,0.0,val,1,0.0001008740271712
S14288,29,24,2025-11-15,19,23,0.0,val,1,0.000144188456053
S14290,29,13,2025-11-15,54,22,0.0,val,1,0.0001644842905318
S14674,29,25,2025-11-15,38,21,0.0,val,1,0.0001339300881412
S14676,29,25,2025-11-15,17,23,0.0,val,1,0.0001827483183663
S14679,29,11,2025-11-15,18,27,0.0,val,1,0.0001240233897913
S14691,29,6,2025-11-15,25,15,0.0,val,1,0.0001276039827259
S14693,29,8,2025-11-15,40,30,0.0,val,1,0.0001757160611642
S14745,29,17,2025-11-15,39,22,0.0,val,1,0.000202269479002
S14875,29,8,2025-11-15,29,27,0.0,val,1,0.0001194822456272
S14883,29,7,2025-11-15,39,24,0.0,val,1,0.0001308722751786
S14886,29,20,2025-11-15,18,24,0.0,val,1,0.0001257897198767
S15267,29,8,2025-11-15,31,30,0.0,val,1,0.0001808122509792
S15272,29,17,2025-11-15,31,16,0.0,val,1,0.0002207709509049
S15379,29,7,2025-11-15,24,30,0.0033302510084562,val,1,0.0007855254683524
S16246,29,4,2025-11-15,57,26,0.0,val,1,0.0001121458620546
S16249,29,12,2025-11-15,34,12,0.0,val,1,0.0002122985200167
S16251,29,8,2025-11-15,57,18,0.0,val,1,0.0001176707621679
S16254,29,13,2025-11-15,25,16,0.0,val,1,0.0001694996060345
S16255,29,10,2025-11-15,35,12,0.0,val,1,0.0001502893080277
S16382,29,20,2025-11-15,34,16,0.0,val,1,0.0001157925577621
S16386,29,14,2025-11-15,45,25,0.0,val,1,0.000101790812358
S16397,29,11,2025-11-15,50,16,0.0,val,1,0.0001140585452815
S16399,29,16,2025-11-15,35,16,0.0,val,1,0.0001021510433259
S16405,29,13,2025-11-15,43,19,0.0,val,1,0.0001401972029265
S16407,29,7,2025-11-15,37,13,0.0,val,1,0.0001613361698888
S16409,29,2,2025-11-15,21,21,0.0,val,1,0.0002440233492062
S16412,29,23,2025-11-15,52,26,0.0,val,1,0.0001140268626641
S16414,29,23,2025-11-15,47,16,0.0,val,1,0.0001040470641949
S16417,29,24,2025-11-15,48,16,0.0,val,1,0.0001372473531397
S16424,29,17,2025-11-15,27,29,0.0,val,1,0.0002360498481087
S16842,29,8,2025-11-15,58,18,0.0,val,1,0.0001327161690498
S16843,29,8,2025-11-15,18,26,0.0,val,1,0.0001566911821152
S16850,29,16,2025-11-15,45,12,0.0,val,1,0.0001149416760176
S16853,29,6,2025-11-15,49,25,0.0,val,1,0.0001120538929421
S16864,29,17,2025-11-15,55,28,0.0,val,1,0.0002189415374793
S17737,29,6,2025-11-15,38,32,0.0280807212212915,val,1,0.0008702780239266
S17738,29,8,2025-11-15,27,12,0.0140696157349284,val,1,0.0008375613370237
S18160,29,4,2025-11-15,42,29,0.0,val,1,0.0001010748554059
S18800,29,18,2025-11-15,57,27,0.0,val,1,0.0001689446787145
S18978,29,20,2025-11-15,45,26,0.0,val,1,0.0001105711307049
S19224,29,24,2025-11-15,41,11,0.003513422759486,val,1,0.0008242408532075
S19434,29,22,2025-11-15,54,30,0.0,val,1,0.0008774509404807
S19861,29,17,2025-11-15,51,21,0.0,val,1,0.0001880013301288
S19993,29,19,2025-11-15,50,22,0.0,val,1,9.710297284431996e-05
S19994,29,19,2025-11-15,39,28,0.0,val,1,0.0001001998697109
S19995,29,18,2025-11-15,41,27,0.0,val,1,0.0001328265457324
S20000,29,20,2025-11-15,37,27,0.0,val,1,0.0001036285330226
S20001,29,22,2025-11-15,33,26,0.0,val,1,0.0001096227802797
S20008,29,5,2025-11-15,45,31,0.0,val,1,0.0001526270015996
S20016,29,12,2025-11-15,63,22,0.0,val,1,0.0003394085196338
S20537,29,19,2025-11-15,60,18,0.0,val,1,0.0001042070382113
S21146,29,1,2025-11-15,25,22,0.0,val,1,0.0001302328164605
S21147,29,22,2025-11-15,56,23,0.0,val,1,0.0001169481789226
S21150,29,17,2025-11-15,44,20,0.0,val,1,0.0001715047407949
S21158,29,18,2025-11-15,31,25,0.0,val,1,0.0001365645495234
S21161,29,7,2025-11-15,29,22,0.0,val,1,0.0001670941181288
S21172,29,19,2025-11-15,38,29,0.0,val,1,0.0001130779080303
S21696,29,24,2025-11-15,62,18,0.0,val,1,0.0003578583597556
S21758,29,25,2025-11-15,22,19,0.0,val,1,0.0001639314763872
S21766,29,19,2025-11-15,36,18,0.0,val,1,0.0001081567451171
S22365,29,6,2025-11-15,27,22,0.0,val,1,0.0001122063801032
S22708,29,10,2025-11-15,22,22,0.0,val,1,0.0001235332645243
S22711,29,10,2025-11-15,37,23,0.0,val,1,0.0001419229921295
S22715,29,16,2025-11-15,62,19,0.0,val,1,0.0001413875998064
S22931,29,25,2025-11-15,48,30,0.0,val,1,0.0001677913050004
S22934,29,7,2025-11-15,50,21,0.0,val,1,0.000152751862155
S22936,29,12,2025-11-15,42,13,0.0,val,1,0.0001828744866032
S23109,29,7,2025-11-15,49,12,0.0,val,1,0.0008222888875438
S23341,29,19,2025-11-15,25,23,0.0,val,1,9.469765766103805e-05
S23344,29,18,2025-11-15,38,28,0.0,val,1,0.0001307604253385
S23428,29,25,2025-11-15,37,32,0.0,val,1,0.0008220040630702
S23431,29,6,2025-11-15,39,32,0.0,val,1,0.0008792655830482
S23548,29,16,2025-11-15,59,24,0.0,val,1,0.0001149676400163
S23551,29,11,2025-11-15,19,24,0.0,val,1,0.0001145783835684
S23553,29,10,2025-11-15,21,18,0.0,val,1,0.0001229455943479
S23554,29,11,2025-11-15,25,16,0.0,val,1,0.0001257706979555
S23947,29,17,2025-11-15,49,27,0.0,val,1,0.0001873730878075
S23953,29,18,2025-11-15,23,23,0.0,val,1,0.0001280578100257
S23954,29,20,2025-11-15,37,17,0.0,val,1,0.0001079513192776
S23963,29,16,2025-11-15,52,29,0.0,val,1,0.000131799949078
S23966,29,5,2025-11-15,55,18,0.0,val,1,0.0001157851448813
S24337,29,18,2025-11-15,61,17,0.0,val,1,0.0003255314658557
S24341,29,24,2025-11-15,19,16,0.0,val,1,0.0001886244118903
S24381,29,10,2025-11-15,31,19,0.0,val,1,0.0001130400924381
S24387,29,16,2025-11-15,35,21,0.0,val,1,0.0001049803158812
S24393,29,22,2025-11-15,46,13,0.0,val,1,0.0001160979448746
S24504,29,10,2025-11-15,34,25,0.0,val,1,0.0001231965585331
S24618,29,2,2025-11-15,52,29,0.0,val,1,0.0001756528568301
S24619,29,4,2025-11-15,50,29,0.0020610946610598,val,1,0.0001065839832498
S24621,29,8,2025-11-15,32,19,0.0,val,1,0.0001363285161192
S24704,29,18,2025-11-15,21,29,0.0,val,1,0.0007949219711307
S24707,29,6,2025-11-15,25,13,0.0020975774457668,val,1,0.0008280570356663
S24709,29,19,2025-11-15,58,29,0.0,val,1,0.0008712422694408
S25042,29,18,2025-11-15,23,21,0.0,val,1,0.0001395116140818
S25053,29,7,2025-11-15,60,28,0.0,val,1,0.0007797485341636
S25164,29,11,2025-11-15,35,22,0.0,val,1,0.0001130861553239
S25167,29,16,2025-11-15,33,24,0.0,val,1,0.0001130253633107
S25171,29,4,2025-11-15,62,22,0.0,val,1,0.0001195771949944
S25177,29,20,2025-11-15,35,25,0.0,val,1,0.0001101887686029
S25322,29,11,2025-11-15,29,18,0.0,val,1,0.0001339003129023
S25323,29,5,2025-11-15,35,20,0.0,val,1,0.0001028466196447
S25846,29,23,2025-11-15,43,15,0.0,val,1,0.000117308579376
S25847,29,23,2025-11-15,31,16,0.0,val,1,0.0001132153300509
S25856,29,1,2025-11-15,53,21,0.0,val,1,0.0001290373670712
S25857,29,2,2025-11-15,41,19,0.0,val,1,0.0001579205105087
S25859,29,7,2025-11-15,13,22,0.0,val,1,0.000202871595542
S25866,29,8,2025-11-15,53,16,0.0,val,1,0.0001533211434934
S26205,29,8,2025-11-15,55,14,0.0,val,1,0.0001500455611339
S26209,29,10,2025-11-15,51,19,0.0,val,1,0.000143288766687
S26212,29,13,2025-11-15,37,24,0.0,val,1,0.0001486434098584
S26213,29,16,2025-11-15,49,15,0.0,val,1,0.0001201657729466
S26221,29,4,2025-11-15,59,24,0.0,val,1,0.0001105343767276
S26244,29,18,2025-11-15,29,27,0.0,val,1,0.0001449234319523
S26346,29,19,2025-11-15,47,16,0.0,val,1,0.00010071767839
S26359,29,16,2025-11-15,32,31,0.0,val,1,0.0001517361370588
S26362,29,8,2025-11-15,46,12,0.0,val,1,0.0001515366163411
S27312,29,22,2025-11-15,55,26,0.0,val,1,0.0001080822085975
S27313,29,1,2025-11-15,27,26,0.0,val,1,0.0001318559995939
S27556,29,18,2025-11-15,17,18,0.0,val,1,0.0001688592622456
S27561,29,24,2025-11-15,32,23,0.0,val,1,0.0001347307496789
S27563,29,23,2025-11-15,30,24,0.0,val,1,9.561696511087654e-05
S27570,29,1,2025-11-15,27,23,0.0,val,1,0.0001237075488672
S27572,29,4,2025-11-15,43,12,0.0,val,1,0.0001166778306762
S27583,29,13,2025-11-15,45,18,0.0,val,1,0.0001305741626889
S28181,29,18,2025-11-15,55,23,0.0,val,1,0.0001551783405041
S28184,29,24,2025-11-15,44,30,0.0,val,1,0.0001728727023641
S28189,29,6,2025-11-15,49,30,0.0,val,1,0.0001233437179219
S28227,29,4,2025-11-15,41,17,0.0,val,1,9.955579102876e-05
S28234,29,20,2025-11-15,47,25,0.0,val,1,0.0001265584308011
S28239,29,17,2025-11-15,34,22,0.0,val,1,0.0001982138059072
S28575,29,19,2025-11-15,27,18,0.0,val,1,9.777566750356496e-05
S28577,29,20,2025-11-15,32,30,0.0,val,1,0.0001290443747471
S28578,29,19,2025-11-15,48,18,0.0,val,1,9.76693266363092e-05
S28608,29,8,2025-11-15,23,15,0.0,val,1,0.00011945167175
S28874,29,14,2025-11-15,29,22,0.0,val,1,9.958632697341672e-05
S29058,29,8,2025-11-15,54,26,0.0,val,1,0.0001240573308787
S29060,29,16,2025-11-15,16,24,0.0,val,1,0.0001166083292902
S29065,29,22,2025-11-15,53,29,0.0,val,1,0.0001339494959793
S29066,29,24,2025-11-15,37,17,0.0,val,1,0.0001301872261295
S29243,29,22,2025-11-15,39,32,0.0115943246130948,val,1,0.0008913833287013
S29245,29,16,2025-11-15,16,17,0.0203270516512571,val,1,0.0008091073687633
S29246,29,10,2025-11-15,49,12,0.007122639819426,val,1,0.0008383081930961
S29330,29,23,2025-11-15,25,26,0.0,val,1,0.0001104969143968
S29543,29,13,2025-11-15,21,22,0.0,val,1,0.000191770221301
S29544,29,6,2025-11-15,59,22,0.0,val,1,0.0001238705310016
S29545,29,14,2025-11-15,55,14,0.0,val,1,0.0001193997400355
S30148,29,23,2025-11-15,20,19,0.0,val,1,0.0001125988317312
S30157,29,25,2025-11-15,31,26,0.0,val,1,0.0001453005427179
S30159,29,7,2025-11-15,61,16,0.0,val,1,0.000321920677781
S30259,29,6,2025-11-15,15,17,0.0,val,1,0.0008682444434587
S30966,29,20,2025-11-15,29,27,0.0,val,1,0.0001356164409241
S30983,29,1,2025-11-15,52,22,0.0,val,1,0.0001261690305252
S30985,29,6,2025-11-15,26,21,0.0,val,1,0.0001092066056126
S30989,29,11,2025-11-15,26,14,0.0,val,1,0.0001226575135414
S30993,29,14,2025-11-15,56,17,0.0,val,1,0.0001180217362055
S31340,29,12,2025-11-15,52,14,0.0,val,1,0.0001951181105632
S31346,29,12,2025-11-15,41,19,0.0,val,1,0.0001760874685575
S31357,29,23,2025-11-15,24,19,0.0,val,1,0.0001039580429853
S31662,29,19,2025-11-15,46,22,0.0,val,1,9.669904778172828e-05
S31774,29,18,2025-11-15,28,20,0.0,val,1,0.0001420758337727
S32155,29,7,2025-11-15,45,32,0.0,val,1,0.0007749618359886
S32212,29,2,2025-11-15,27,12,0.0,val,1,0.000862048019812
S32408,29,1,2025-11-15,28,13,0.0,val,1,0.0001309574213794
S32409,29,4,2025-11-15,18,18,0.0,val,1,0.0001123669776336
S32414,29,20,2025-11-15,23,25,0.0,val,1,0.0001160725857883
S32833,29,4,2025-11-15,63,17,0.0,val,1,0.0008749720106633
S33011,29,18,2025-11-15,25,25,0.0,val,1,0.0001314686154587
S33012,29,18,2025-11-15,37,15,0.0,val,1,0.0001533407467141
S33016,29,25,2025-11-15,44,16,0.0,val,1,0.0001277353283697
S33023,29,10,2025-11-15,49,28,0.0,val,1,0.0001259540299676
S33024,29,12,2025-11-15,31,16,0.0,val,1,0.0001473631268386
S33474,29,18,2025-11-15,16,16,0.0,val,1,0.000764210065074
S33475,29,8,2025-11-15,55,13,0.0,val,1,0.0008162941545434
S33557,29,19,2025-11-15,43,28,0.0,val,1,0.000101276454473
S33669,29,25,2025-11-15,35,30,0.0,val,1,0.0001638360816208
S33776,29,6,2025-11-15,32,15,0.0,val,1,0.0001156283574497
S33920,29,18,2025-11-15,55,21,0.0,val,1,0.0001603515390613
S34426,29,19,2025-11-15,58,17,0.0,val,1,0.0001144893450823
S34488,29,12,2025-11-15,36,32,0.0,val,1,0.0008149459144233
S34602,29,22,2025-11-15,51,24,0.0,val,1,0.0001062056517094
S34607,29,4,2025-11-15,40,22,0.0,val,1,0.0001102871326801
S34610,29,7,2025-11-15,23,27,0.0,val,1,0.0002080829130281
S34613,29,5,2025-11-15,32,22,0.0,val,1,0.0001076765754252
S34866,29,11,2025-11-15,27,24,0.0,val,1,0.0001143984642221
S34868,29,16,2025-11-15,60,19,0.0,val,1,0.0001173299683172
S34878,29,14,2025-11-15,45,15,0.0,val,1,0.0001490492248266
S34884,29,6,2025-11-15,35,22,0.0,val,1,0.0001219613269376
S34885,29,2,2025-11-15,54,26,0.0,val,1,0.0001716150792109
S34887,29,1,2025-11-15,47,19,0.0,val,1,0.0001128467604571
S34891,29,2,2025-11-15,14,22,0.0,val,1,0.0002073520562955
S34893,29,5,2025-11-15,63,25,0.0,val,1,0.0001938388676027
S34894,29,4,2025-11-15,42,26,0.0,val,1,0.0001014332047206
S35324,29,19,2025-11-15,17,16,0.0,val,1,0.0008813490801189
S35526,29,18,2025-11-15,33,27,0.0,val,1,0.0001347871944871
S36009,29,5,2025-11-15,35,11,0.0,val,1,0.0008598234524637
S36017,29,12,2025-11-15,42,18,0.0,val,1,0.0001550153216179
S36021,29,14,2025-11-15,51,26,0.0,val,1,0.0001104787482715
S36048,29,18,2025-11-15,43,23,0.0,val,1,0.0001225952407219
S36049,29,22,2025-11-15,23,17,0.0,val,1,0.0001071117174441
S36053,29,20,2025-11-15,31,25,0.0,val,1,0.0001057903304159
S36069,29,19,2025-11-15,26,16,0.0,val,1,9.87573714997114e-05
S36124,29,1,2025-11-15,43,26,0.0,val,1,0.0001244097159185
S36137,29,25,2025-11-15,22,15,0.0,val,1,0.0001800723744877
S36383,29,1,2025-11-15,41,20,0.0,val,1,0.0001099589385643
S36386,29,18,2025-11-15,35,19,0.0,val,1,0.0001320980511993
S36400,29,24,2025-11-15,50,20,0.0,val,1,0.0001286239117919
S36401,29,25,2025-11-15,37,31,0.0,val,1,0.000171737581309
S36406,29,7,2025-11-15,23,25,0.0,val,1,0.0002052195692935
S36407,29,6,2025-11-15,43,29,0.0,val,1,0.0001240106638422
S36415,29,13,2025-11-15,61,20,0.0,val,1,0.0002893203076098
S36417,29,16,2025-11-15,41,12,0.0,val,1,0.0001303158087448
S36423,29,11,2025-11-15,35,14,0.0,val,1,0.0001509496299357
S36427,29,8,2025-11-15,33,31,0.0,val,1,0.0001670249770295
S36438,29,24,2025-11-15,17,18,0.0,val,1,0.0001705633903195
S36879,29,11,2025-11-15,46,11,0.0,val,1,0.0008756143448305
S36912,29,23,2025-11-15,38,27,0.0,val,1,9.973963802122944e-05
S37040,29,23,2025-11-15,42,21,0.0,val,1,9.966570268426629e-05
S37041,29,22,2025-11-15,44,30,0.0,val,1,0.0001273170145817
S37042,29,22,2025-11-15,42,18,0.0,val,1,0.0001418842969339
S37391,29,16,2025-11-15,43,19,0.0,val,1,9.850623889066404e-05
S37415,29,20,2025-11-15,40,26,0.0,val,1,0.0001332844227806
S37829,29,1,2025-11-15,40,11,0.0,val,1,0.0008300394024637
S38125,29,16,2025-11-15,39,11,0.0055828425879901,val,1,0.000850663184629
S38543,29,5,2025-11-15,31,30,0.0,val,1,0.0001241362636644
S38544,29,7,2025-11-15,38,25,0.0,val,1,0.0001529299356616
S39004,29,24,2025-11-15,42,14,0.0,val,1,0.0001282812059117
S39005,29,2,2025-11-15,50,20,0.0,val,1,0.0002491160960414
S39009,29,8,2025-11-15,38,13,0.0,val,1,0.0001432571809282
S39021,29,25,2025-11-15,16,21,0.0,val,1,0.0001741982675963
S39095,29,24,2025-11-15,44,19,0.0,val,1,0.0001238749700223
S39096,29,24,2025-11-15,54,17,0.0,val,1,0.0001339725309921
S39097,29,19,2025-11-15,30,29,0.0,val,1,0.0001043148777613
S39098,29,18,2025-11-15,42,18,0.0,val,1,0.0001288837482067
S39560,29,25,2025-11-15,22,26,0.0,val,1,0.0001592063019122
S39564,29,12,2025-11-15,40,16,0.0,val,1,0.0001446988185421
S39568,29,4,2025-11-15,23,19,0.0,val,1,9.810981570161973e-05
S39573,29,23,2025-11-15,50,21,0.0,val,1,0.0001029432426717
S39598,29,18,2025-11-15,29,29,0.0,val,1,0.000157059025982
S40703,29,17,2025-11-15,60,17,0.0,val,1,0.0002852971915735
S40882,29,6,2025-11-15,37,11,0.0,val,1,0.0008780057648361
S40883,29,13,2025-11-15,16,17,0.0021101614676873,val,1,0.0005547013540574
S40924,29,11,2025-11-15,24,26,0.0,val,1,0.0001084552405558
S40932,29,5,2025-11-15,39,30,0.0,val,1,0.0001512598735989
S41076,29,23,2025-11-15,28,14,0.0,val,1,0.000108398952404
S41077,29,23,2025-11-15,51,28,0.0,val,1,0.000134222248175
S41330,29,6,2025-11-15,60,15,0.0053718115002161,val,1,0.0008769904803964
S41333,29,24,2025-11-15,51,31,0.0,val,1,0.0008156735166831
S41362,29,12,2025-11-15,43,25,0.0,val,1,0.0001628735950494
S41367,29,16,2025-11-15,60,21,0.0,val,1,0.0001148055104497
S41510,29,4,2025-11-15,19,20,0.0,val,1,0.0001035688363011
S41511,29,5,2025-11-15,26,28,0.0035580946653637,val,1,0.0001249815104777
S41706,29,7,2025-11-15,35,32,0.0024002704530087,val,1,0.0008105993283004
S41709,29,10,2025-11-15,25,30,0.0,val,1,0.000834678679799
S42316,29,23,2025-11-15,44,32,0.0,val,1,0.00087716394824
S42321,29,6,2025-11-15,48,31,0.0,val,1,0.0008555186542231
S42322,29,14,2025-11-15,26,30,0.0044047631708622,val,1,0.0008080268759076
S42342,29,24,2025-11-15,34,25,0.0,val,1,0.0001514264978661
S42345,29,10,2025-11-15,43,24,0.0,val,1,0.0001606661049687
S42397,29,2,2025-11-15,18,17,0.0,val,1,0.0002882835155386
S42536,29,11,2025-11-15,49,29,0.0,val,1,0.0001182853405078
S42540,29,17,2025-11-15,32,26,0.0,val,1,0.0001986019756746
S42574,29,25,2025-11-15,22,20,0.0,val,1,0.0001456128609502
S42585,29,19,2025-11-15,49,26,0.0,val,1,0.0001068022647277
S42964,29,19,2025-11-15,62,26,0.0,val,1,0.0001150959655585
S42966,29,24,2025-11-15,44,16,0.0,val,1,0.0001320021570264
S42971,29,22,2025-11-15,13,22,0.0,val,1,0.0001309991518083
S42972,29,1,2025-11-15,30,29,0.0,val,1,0.0001319329556494
S42973,29,8,2025-11-15,49,30,0.0,val,1,0.0001488447122387
S42985,29,11,2025-11-15,63,18,0.0,val,1,0.0001101918469296
S42986,29,13,2025-11-15,28,26,0.0,val,1,0.0001442795183186
S42987,29,8,2025-11-15,20,23,0.0,val,1,0.000118901078819
S00005,29,10,2025-11-15,26,18,0.0,val,2,0.0001429303108578
S00006,29,11,2025-11-15,50,14,0.0,val,2,0.0001369994390141
S00007,29,5,2025-11-15,41,12,0.0,val,2,0.0001466907557925
S00008,29,6,2025-11-15,24,14,0.0,val,2,0.0002164446228924
S00010,29,7,2025-11-15,57,27,0.0,val,2,0.0001751167173464
S00011,29,7,2025-11-15,60,23,0.0048346538650479,val,2,0.0001645844007536
S00415,29,12,2025-11-15,24,19,0.0,val,2,0.0001784401512407
S00652,29,5,2025-11-15,25,28,0.0,val,2,0.0001198082688194
S01754,29,25,2025-11-15,36,32,0.0190191074177757,val,2,0.000811834802791
S02083,29,6,2025-11-15,41,23,0.0,val,2,0.000125776952804
S02089,29,2,2025-11-15,28,17,0.0,val,2,0.0001511595271119
S02151,29,19,2025-11-15,24,24,0.0,val,2,0.0001028761729735
S02264,29,7,2025-11-15,39,30,0.0,val,2,0.0001577867368158
S02266,29,7,2025-11-15,28,21,0.0,val,2,0.0001810729988257
S02268,29,2,2025-11-15,47,18,0.0,val,2,0.0001388025377615
S02270,29,1,2025-11-15,34,25,0.0,val,2,0.000121576191703
S02273,29,23,2025-11-15,53,29,0.0,val,2,0.0001110063534809
S02303,29,18,2025-11-15,44,31,0.0,val,2,0.000170051162669
S02380,29,20,2025-11-15,19,15,0.0,val,2,0.00082775821765
S02558,29,10,2025-11-15,37,28,0.0,val,2,0.0001166313141218
S02568,29,1,2025-11-15,19,19,0.0,val,2,0.0001280486110077
S03437,29,19,2025-11-15,50,16,0.0,val,2,0.0001005387651723
S03444,29,19,2025-11-15,46,30,0.0,val,2,0.0001064230811335
S03456,29,5,2025-11-15,27,18,0.0,val,2,0.0001356664748501
S03693,29,19,2025-11-15,61,27,0.0,val,2,0.0001259304101061
S03695,29,19,2025-11-15,38,27,0.0,val,2,9.31360499850804e-05
S03699,29,20,2025-11-15,49,21,0.0,val,2,0.0001201690901913
S03702,29,4,2025-11-15,25,21,0.0,val,2,9.342403881810049e-05
S03711,29,6,2025-11-15,38,12,0.0,val,2,0.0002040060704514
S03718,29,8,2025-11-15,24,16,0.0,val,2,0.0001290122649757
S03868,29,24,2025-11-15,22,22,0.0,val,2,0.0001399093956199
S03873,29,1,2025-11-15,51,14,0.0,val,2,0.000131457459221
S03875,29,24,2025-11-15,37,23,0.0,val,2,0.000135860693097
S04282,29,18,2025-11-15,34,15,0.0,val,2,0.0001581110192011
S04286,29,19,2025-11-15,55,29,0.0,val,2,0.0001101624070704
S04287,29,24,2025-11-15,59,16,0.0,val,2,0.00015540228446
S04293,29,4,2025-11-15,50,30,0.0,val,2,0.000130551143949
S04294,29,7,2025-11-15,17,17,0.0,val,2,0.0002570590631768
S04363,29,16,2025-11-15,27,22,0.0,val,2,0.0001112617659288
S04370,29,6,2025-11-15,39,13,0.0,val,2,0.0001138553672938
S04728,29,12,2025-11-15,24,14,0.0,val,2,0.0002083790092445
S04734,29,5,2025-11-15,36,18,0.0,val,2,0.0001114144802154
S04735,29,2,2025-11-15,31,23,0.0,val,2,0.0002538830764326
S04738,29,24,2025-11-15,51,30,0.0,val,2,0.000175531030497
S04739,29,1,2025-11-15,31,21,0.0,val,2,0.0001205340431657
S04866,29,2,2025-11-15,42,13,0.0,val,2,0.0001606479377733
S04867,29,7,2025-11-15,33,23,0.0,val,2,0.0001472360130518
S04873,29,13,2025-11-15,54,28,0.0,val,2,0.0001646188629539
S05042,29,17,2025-11-15,32,29,0.0,val,2,0.000246882398525
S05250,29,8,2025-11-15,55,20,0.0,val,2,0.0001197904422438
S05251,29,8,2025-11-15,56,28,0.0,val,2,0.0001620306829774
S05258,29,24,2025-11-15,22,28,0.0,val,2,0.0001560997452037
S05931,29,23,2025-11-15,53,15,0.0,val,2,0.000111348454744
S05932,29,23,2025-11-15,35,13,0.0,val,2,0.0001084927269412
S05973,29,1,2025-11-15,40,22,0.0,val,2,0.000140204339299
S05975,29,8,2025-11-15,52,16,0.0,val,2,0.0001476581953398
S05977,29,10,2025-11-15,32,31,0.0,val,2,0.0001530385257182
S05984,29,7,2025-11-15,35,16,0.0,val,2,0.0001513425113703
S05985,29,16,2025-11-15,13,20,0.0,val,2,0.0001380221247654
S05987,29,5,2025-11-15,41,13,0.0,val,2,0.0001109618634437
S06157,29,8,2025-11-15,17,25,0.0,val,2,0.000146167972336
S06161,29,24,2025-11-15,36,19,0.0,val,2,0.000127979650036
S06922,29,19,2025-11-15,44,21,0.0,val,2,9.54339259965776e-05
S07786,29,17,2025-11-15,39,32,0.0189190883726762,val,2,0.0007880098907304
S07877,29,4,2025-11-15,40,24,0.0,val,2,0.0001190766703213
S07891,29,17,2025-11-15,35,12,0.0,val,2,0.0002386265842199
S07892,29,25,2025-11-15,28,18,0.0,val,2,0.0001250345777563
S07894,29,18,2025-11-15,48,19,0.0,val,2,0.0001271271159124
S08764,29,17,2025-11-15,22,25,0.0,val,2,0.0002774925418797
S08846,29,13,2025-11-15,42,30,0.0,val,2,0.000199958038563
S09075,29,10,2025-11-15,27,30,0.0,val,2,0.0001449887457563
S09076,29,10,2025-11-15,22,28,0.0,val,2,0.0001433117162454
S09078,29,10,2025-11-15,35,22,0.0,val,2,0.0001139086884548
S09081,29,7,2025-11-15,36,31,0.0,val,2,0.0002069320546192
S09083,29,8,2025-11-15,44,31,0.0,val,2,0.0001457005727155
S09085,29,4,2025-11-15,35,17,0.0,val,2,9.629655433238092e-05
S09086,29,24,2025-11-15,37,18,0.0,val,2,0.000118833807451
S09089,29,25,2025-11-15,37,18,0.0,val,2,0.0001288251012418
S09291,29,20,2025-11-15,43,20,0.0,val,2,0.0001086337518454
S09300,29,12,2025-11-15,45,29,0.0,val,2,0.0001927390928666
S09302,29,14,2025-11-15,19,19,0.0,val,2,0.0001126814322168
S09305,29,6,2025-11-15,26,26,0.0,val,2,0.0001158446313194
S09307,29,5,2025-11-15,23,22,0.0,val,2,0.000116010156648
S09633,29,22,2025-11-15,38,21,0.0,val,2,0.0001261932189295
S09649,29,13,2025-11-15,31,28,0.0,val,2,0.0001573075201748
S09797,29,22,2025-11-15,37,32,0.0116291766761301,val,2,0.0008382903963847
S09931,29,2,2025-11-15,34,16,0.0066210520145583,val,2,0.0001731330911615
S10086,29,16,2025-11-15,36,29,0.0,val,2,0.0001129031522208
S10088,29,16,2025-11-15,45,17,0.0,val,2,0.0001000795496402
S10090,29,7,2025-11-15,23,14,0.0,val,2,0.0002830842741299
S10093,29,5,2025-11-15,50,21,0.0,val,2,0.0001060188973833
S10172,29,4,2025-11-15,59,28,0.0,val,2,0.0008758178435539
S10188,29,24,2025-11-15,35,30,0.0,val,2,0.0001458430158292
S10199,29,14,2025-11-15,20,21,0.0,val,2,0.000111653812775
S10202,29,8,2025-11-15,38,23,0.0,val,2,0.0001135074052288
S10317,29,11,2025-11-15,25,21,0.0,val,2,0.0001104847994403
S10319,29,16,2025-11-15,53,19,0.0,val,2,0.0001156332117075
S10616,29,2,2025-11-15,17,16,0.0,val,2,0.0008411973060246
S10646,29,6,2025-11-15,16,18,0.0,val,2,0.0001773195771149
S10884,29,23,2025-11-15,26,13,0.0105750145144277,val,2,0.0008164921777669
S11550,29,23,2025-11-15,35,31,0.0,val,2,0.0001079277629688
S11552,29,20,2025-11-15,20,23,0.0,val,2,0.0001113186314799
S11565,29,11,2025-11-15,35,23,0.0,val,2,0.0001068157965196
S11567,29,16,2025-11-15,35,15,0.0,val,2,0.0001293067498224
S11568,29,10,2025-11-15,42,14,0.0,val,2,0.0001247780407046
S11569,29,11,2025-11-15,52,18,0.0,val,2,0.0001198451781405
S11570,29,12,2025-11-15,41,14,0.0,val,2,0.0001703721953131
S11572,29,8,2025-11-15,39,22,0.0,val,2,0.0001228693873494
S11573,29,13,2025-11-15,39,21,0.0,val,2,0.0001514477231661
S11576,29,14,2025-11-15,20,26,0.0,val,2,0.0001032671562848
S11657,29,25,2025-11-15,57,29,0.0,val,2,0.000778503367992
S11998,29,5,2025-11-15,59,15,0.0,val,2,0.0008502649355137
S12370,29,20,2025-11-15,43,14,0.0,val,2,0.0001519801053976
S12846,29,1,2025-11-15,19,16,0.0,val,2,0.000149762654584
S12848,29,11,2025-11-15,60,21,0.0,val,2,0.0001154249656129
S12853,29,11,2025-11-15,26,20,0.0,val,2,0.0001118075887941
S12856,29,11,2025-11-15,38,30,0.0,val,2,0.0001252660581172
S12858,29,16,2025-11-15,51,20,0.0,val,2,0.0001110833196761
S12862,29,5,2025-11-15,43,29,0.0,val,2,0.0001200317713454
S12868,29,17,2025-11-15,56,21,0.0,val,2,0.0001999672346328
S12948,29,13,2025-11-15,18,17,0.0,val,2,0.0002073098002325
S12956,29,22,2025-11-15,15,20,0.0,val,2,0.0001281135536617
S13110,29,25,2025-11-15,17,25,0.0,val,2,0.0001902826606471
S13111,29,16,2025-11-15,23,28,0.0,val,2,0.000122986225955
S13121,29,5,2025-11-15,25,26,0.0,val,2,0.0001220808154449
S13122,29,24,2025-11-15,57,24,0.0,val,2,0.0001615047076483
S13156,29,19,2025-11-15,26,15,0.0,val,2,0.0001002269747575
S13160,29,18,2025-11-15,40,25,0.0,val,2,0.0001268990653379
S13166,29,2,2025-11-15,55,15,0.0,val,2,0.000187540253574
S13169,29,1,2025-11-15,43,15,0.0,val,2,0.0001182428559767
S13170,29,5,2025-11-15,15,22,0.0,val,2,0.0001651687511306
S13172,29,12,2025-11-15,47,18,0.0,val,2,0.0001652020757731
S13173,29,13,2025-11-15,61,21,0.0,val,2,0.000279232928994
S13324,29,16,2025-11-15,53,27,0.0,val,2,0.0001162343410923
S13651,29,16,2025-11-15,53,13,0.0018450252994917,val,2,0.000818722930394
S13659,29,12,2025-11-15,35,22,0.0,val,2,0.0001609577279335
S14161,29,16,2025-11-15,46,25,0.0,val,2,0.0001129319926914
S14162,29,13,2025-11-15,50,23,0.0,val,2,0.0001622992934676
S14163,29,11,2025-11-15,36,24,0.0,val,2,0.0001069331872231
S14164,29,10,2025-11-15,59,17,0.0,val,2,0.0001478814265987
S14168,29,13,2025-11-15,33,31,0.0,val,2,0.0001924454339247
S14171,29,14,2025-11-15,33,18,0.0,val,2,0.000104062076673
S14288,29,24,2025-11-15,20,23,0.0,val,2,0.0001465843439631
S14290,29,13,2025-11-15,52,22,0.0,val,2,0.0001489570650861
S14674,29,25,2025-11-15,39,21,0.0,val,2,0.0001474725528142
S14676,29,25,2025-11-15,19,23,0.0,val,2,0.0001646707367452
S14679,29,11,2025-11-15,20,27,0.0,val,2,0.0001109019206544
S14691,29,6,2025-11-15,27,15,0.0,val,2,0.00010829999091
S14693,29,8,2025-11-15,38,30,0.0,val,2,0.0001471849582729
S14745,29,17,2025-11-15,37,22,0.0,val,2,0.0001757600085392
S14875,29,8,2025-11-15,32,27,0.0,val,2,0.0001245476644907
S14883,29,7,2025-11-15,37,24,0.0,val,2,0.0001309774235771
S14886,29,20,2025-11-15,17,24,0.0,val,2,0.0001529990701657
S15267,29,8,2025-11-15,29,30,0.0,val,2,0.0001611960203699
S15272,29,17,2025-11-15,30,16,0.0,val,2,0.0002033893197695
S15379,29,7,2025-11-15,26,30,0.0033302510084562,val,2,0.0007892142697707
S16246,29,4,2025-11-15,55,26,0.0,val,2,0.0001132124592951
S16249,29,12,2025-11-15,27,13,0.0,val,2,0.0001900274366756
S16251,29,8,2025-11-15,55,18,0.0,val,2,0.0001179279319959
S16254,29,13,2025-11-15,23,16,0.0,val,2,0.0002061215485044
S16255,29,10,2025-11-15,33,12,0.0,val,2,0.0001408492083838
S16382,29,20,2025-11-15,33,16,0.0,val,2,0.0001562245933498
S16386,29,14,2025-11-15,47,25,0.0,val,2,0.0001071600291515
S16397,29,11,2025-11-15,48,16,0.0,val,2,0.0001251645718191
S16399,29,16,2025-11-15,33,16,0.0,val,2,0.0001088204372282
S16405,29,13,2025-11-15,45,19,0.0,val,2,0.0001287009134729
S16407,29,7,2025-11-15,39,13,0.0,val,2,0.0001616668508527
S16409,29,2,2025-11-15,22,21,0.0,val,2,0.0001820679029993
S16412,29,23,2025-11-15,51,26,0.0,val,2,0.0001020199863848
S16414,29,23,2025-11-15,46,16,0.0,val,2,0.0001046116019319
S16417,29,24,2025-11-15,47,16,0.0,val,2,0.0001448107475361
S16424,29,17,2025-11-15,28,29,0.0,val,2,0.0002418470575373
S16842,29,8,2025-11-15,56,18,0.0,val,2,0.0001331800532802
S16843,29,8,2025-11-15,18,27,0.0,val,2,0.0001882099402539
S16850,29,16,2025-11-15,44,12,0.0,val,2,0.0001247960967067
S16853,29,6,2025-11-15,51,25,0.0,val,2,0.0001182264572917
S16864,29,17,2025-11-15,54,28,0.0,val,2,0.0002221415355433
S17737,29,6,2025-11-15,35,32,0.0280807212212915,val,2,0.0008553486363683
S17738,29,8,2025-11-15,25,13,0.0140696157349284,val,2,0.0008292129717268
S18160,29,4,2025-11-15,44,29,0.0,val,2,9.630438743428484e-05
S18800,29,18,2025-11-15,58,27,0.0,val,2,0.0001869515789081
S18978,29,20,2025-11-15,44,26,0.0,val,2,0.0001160763906503
S19224,29,24,2025-11-15,42,11,0.003513422759486,val,2,0.0008221237219075
S19434,29,22,2025-11-15,53,30,0.0,val,2,0.0008622002118225
S19861,29,17,2025-11-15,52,21,0.0,val,2,0.0001852231176853
S19993,29,19,2025-11-15,49,22,0.0,val,2,9.40217657829019e-05
S19994,29,19,2025-11-15,38,28,0.0,val,2,9.90458433183977e-05
S19995,29,18,2025-11-15,42,27,0.0,val,2,0.0001250027980036
S20000,29,20,2025-11-15,38,27,0.0,val,2,0.00011589489414
S20001,29,22,2025-11-15,32,26,0.0,val,2,0.0001199042184457
S20008,29,5,2025-11-15,47,31,0.0,val,2,0.0001283471874737
S20016,29,12,2025-11-15,61,22,0.0,val,2,0.000252057884999
S20537,29,19,2025-11-15,59,18,0.0,val,2,0.0001095367744979
S21146,29,1,2025-11-15,22,22,0.0,val,2,0.0001273894594108
S21147,29,22,2025-11-15,57,23,0.0,val,2,0.000119363355886
S21150,29,17,2025-11-15,43,20,0.0,val,2,0.000179896031302
S21158,29,18,2025-11-15,32,25,0.0,val,2,0.0001283054877764
S21161,29,7,2025-11-15,27,22,0.0,val,2,0.0001712988210184
S21172,29,19,2025-11-15,39,29,0.0,val,2,0.0001147727182815
S21696,29,24,2025-11-15,63,18,0.0,val,2,0.000336581635094
S21758,29,25,2025-11-15,23,19,0.0,val,2,0.0001526694015239
S21766,29,19,2025-11-15,34,18,0.0,val,2,9.610544463787164e-05
S22365,29,6,2025-11-15,25,22,0.0,val,2,0.000103648079025
S22708,29,10,2025-11-15,20,22,0.0,val,2,0.0001215168553316
S22711,29,10,2025-11-15,39,23,0.0,val,2,0.0001168572648279
S22715,29,16,2025-11-15,64,19,0.0,val,2,0.0001377674731433
S22931,29,25,2025-11-15,46,30,0.0,val,2,0.0001655126427045
S22934,29,7,2025-11-15,52,21,0.0,val,2,0.0001487625231996
S22936,29,12,2025-11-15,44,13,0.0,val,2,0.0001985663463976
S23109,29,7,2025-11-15,54,13,0.0,val,2,0.0008298423934889
S23341,29,19,2025-11-15,26,23,0.0,val,2,0.0001044724635769
S23344,29,18,2025-11-15,37,28,0.0,val,2,0.0001547419232671
S23428,29,25,2025-11-15,33,11,0.0,val,2,0.0008077571685343
S23431,29,6,2025-11-15,37,32,0.0,val,2,0.0008803505708791
S23548,29,16,2025-11-15,57,24,0.0,val,2,0.0001227820588024
S23551,29,11,2025-11-15,17,24,0.0,val,2,0.000117275092475
S23553,29,10,2025-11-15,19,18,0.0,val,2,0.0001401619981011
S23554,29,11,2025-11-15,23,16,0.0,val,2,0.0001247708149748
S23947,29,17,2025-11-15,50,27,0.0,val,2,0.0002219356193479
S23953,29,18,2025-11-15,24,23,0.0,val,2,0.000153257761045
S23954,29,20,2025-11-15,38,17,0.0,val,2,0.0001152889066066
S23963,29,16,2025-11-15,54,29,0.0,val,2,0.0001260676931656
S23966,29,5,2025-11-15,53,18,0.0,val,2,0.0001123177683961
S24337,29,18,2025-11-15,62,17,0.0,val,2,0.00039252673486
S24341,29,24,2025-11-15,15,18,0.0,val,2,0.0001988693016175
S24381,29,10,2025-11-15,33,19,0.0,val,2,0.0001228342056599
S24387,29,16,2025-11-15,38,21,0.0,val,2,0.0001054267413877
S24393,29,22,2025-11-15,47,13,0.0,val,2,0.0001163557721268
S24504,29,10,2025-11-15,36,25,0.0,val,2,0.0001164438389447
S24618,29,2,2025-11-15,54,29,0.0,val,2,0.0002043537101808
S24619,29,4,2025-11-15,52,29,0.0020610946610598,val,2,0.000118166406377
S24621,29,8,2025-11-15,35,19,0.0,val,2,0.0001211500850341
S24704,29,18,2025-11-15,22,29,0.0,val,2,0.0007904877900395
S24707,29,6,2025-11-15,24,13,0.0020975774457668,val,2,0.0008875049784047
S24709,29,19,2025-11-15,57,29,0.0,val,2,0.0008300603041274
S25042,29,18,2025-11-15,24,21,0.0,val,2,0.0001392670930534
S25053,29,7,2025-11-15,58,29,0.0,val,2,0.0007811638661062
S25164,29,11,2025-11-15,33,22,0.0,val,2,0.0001133718945725
S25167,29,16,2025-11-15,31,24,0.0,val,2,0.0001029890267819
S25171,29,4,2025-11-15,60,22,0.0,val,2,0.0001163496561304
S25177,29,20,2025-11-15,36,25,0.0,val,2,0.0001063967320152
S25322,29,11,2025-11-15,27,18,0.0,val,2,0.0001138011296361
S25323,29,5,2025-11-15,33,20,0.0,val,2,0.000106340862294
S25846,29,23,2025-11-15,45,15,0.0,val,2,0.0001176082543282
S25847,29,23,2025-11-15,30,16,0.0,val,2,0.0001104041613698
S25856,29,1,2025-11-15,56,21,0.0,val,2,0.0001248799689671
S25857,29,2,2025-11-15,43,19,0.0,val,2,0.0001462918554999
S25859,29,7,2025-11-15,15,23,0.0,val,2,0.0001964806471762
S25866,29,8,2025-11-15,51,16,0.0,val,2,0.000128732285513
S26205,29,8,2025-11-15,53,14,0.0,val,2,0.0001365446061254
S26209,29,10,2025-11-15,53,19,0.0,val,2,0.000130976949918
S26212,29,13,2025-11-15,34,24,0.0,val,2,0.0001522145508421
S26213,29,16,2025-11-15,51,15,0.0,val,2,0.0001183555510712
S26221,29,4,2025-11-15,57,24,0.0,val,2,0.0001154140582306
S26244,29,18,2025-11-15,30,27,0.0,val,2,0.0001332117951635
S26346,29,19,2025-11-15,46,16,0.0,val,2,9.868739078238642e-05
S26359,29,16,2025-11-15,35,31,0.0,val,2,0.0001324199912429
S26362,29,8,2025-11-15,44,12,0.0,val,2,0.0001585998327866
S27312,29,22,2025-11-15,53,26,0.0,val,2,0.0001154408668404
S27313,29,1,2025-11-15,25,26,0.0,val,2,0.0001381284531425
S27556,29,18,2025-11-15,16,18,0.0,val,2,0.0001646519004114
S27561,29,24,2025-11-15,33,23,0.0,val,2,0.000137308055359
S27563,29,23,2025-11-15,29,24,0.0,val,2,9.856861286812236e-05
S27570,29,1,2025-11-15,29,23,0.0,val,2,0.0001301970399359
S27572,29,4,2025-11-15,41,12,0.0,val,2,0.0001151658333718
S27583,29,13,2025-11-15,43,18,0.0,val,2,0.0001358876948037
S28181,29,18,2025-11-15,56,23,0.0,val,2,0.0001533107249432
S28184,29,24,2025-11-15,43,30,0.0,val,2,0.0001937268602915
S28189,29,6,2025-11-15,46,30,0.0,val,2,0.0001377738757745
S28227,29,4,2025-11-15,43,17,0.0,val,2,0.0001003619257615
S28234,29,20,2025-11-15,48,25,0.0,val,2,0.0001158420408625
S28239,29,17,2025-11-15,33,22,0.0,val,2,0.0001928938314372
S28575,29,19,2025-11-15,26,18,0.0,val,2,9.765098490939672e-05
S28577,29,20,2025-11-15,31,30,0.0,val,2,0.0001478203985243
S28578,29,19,2025-11-15,47,18,0.0,val,2,9.980904564530976e-05
S28608,29,8,2025-11-15,25,15,0.0,val,2,0.0001198947217453
S28874,29,14,2025-11-15,27,22,0.0,val,2,0.0001002299519803
S29058,29,8,2025-11-15,52,26,0.0,val,2,0.0001182331017494
S29060,29,16,2025-11-15,14,24,0.0,val,2,0.0001385804079715
S29065,29,22,2025-11-15,54,29,0.0,val,2,0.0001257245205693
S29066,29,24,2025-11-15,38,17,0.0,val,2,0.0001175115024359
S29243,29,22,2025-11-15,38,32,0.0115943246130948,val,2,0.0008370246461511
S29245,29,16,2025-11-15,15,17,0.0203270516512571,val,2,0.0008738445844539
S29246,29,10,2025-11-15,50,12,0.007122639819426,val,2,0.0008390733533936
S29330,29,23,2025-11-15,24,26,0.0,val,2,0.0001097657930827
S29543,29,13,2025-11-15,19,22,0.0,val,2,0.0001624812315489
S29544,29,6,2025-11-15,57,22,0.0,val,2,0.0001196213267762
S29545,29,14,2025-11-15,54,14,0.0,val,2,0.000118119184311
S30148,29,23,2025-11-15,21,19,0.0,val,2,0.0001028070311401
S30157,29,25,2025-11-15,30,26,0.0,val,2,0.0001282202488174
S30159,29,7,2025-11-15,59,16,0.0,val,2,0.0001637332166568
S30259,29,6,2025-11-15,14,18,0.0,val,2,0.0008787992614321
S30966,29,20,2025-11-15,30,27,0.0,val,2,0.0001285699805894
S30983,29,1,2025-11-15,50,22,0.0,val,2,0.0001208085029271
S30985,29,6,2025-11-15,28,21,0.0,val,2,0.0001212502301373
S30989,29,11,2025-11-15,23,14,0.0,val,2,0.0001218824853576
S30993,29,14,2025-11-15,58,17,0.0,val,2,0.0001161069814233
S31340,29,12,2025-11-15,50,14,0.0,val,2,0.0001927727422958
S31346,29,12,2025-11-15,43,19,0.0,val,2,0.0001640586556271
S31357,29,23,2025-11-15,25,19,0.0,val,2,0.0001010708836057
S31662,29,19,2025-11-15,45,22,0.0,val,2,9.555865046819276e-05
S31774,29,18,2025-11-15,27,20,0.0,val,2,0.000134317478915
S32155,29,7,2025-11-15,43,32,0.0,val,2,0.0008200528314925
S32212,29,2,2025-11-15,25,13,0.0,val,2,0.0008287910950993
S32408,29,1,2025-11-15,29,13,0.0,val,2,0.0001370784716219
S32409,29,4,2025-11-15,16,18,0.0,val,2,0.0001336222645583
S32414,29,20,2025-11-15,24,25,0.0,val,2,0.0001430434058404
S32833,29,4,2025-11-15,61,28,0.0,val,2,0.0008837702250856
S33011,29,18,2025-11-15,26,25,0.0,val,2,0.0001556917102027
S33012,29,18,2025-11-15,38,15,0.0,val,2,0.0001232752597261
S33016,29,25,2025-11-15,42,16,0.0,val,2,0.0001239080941983
S33023,29,10,2025-11-15,47,28,0.0,val,2,0.0001192162151311
S33024,29,12,2025-11-15,29,16,0.0,val,2,0.0001537413456412
S33474,29,18,2025-11-15,16,17,0.0,val,2,0.0008146298959358
S33475,29,8,2025-11-15,58,14,0.0,val,2,0.0008321696140719
S33557,29,19,2025-11-15,42,28,0.0,val,2,0.0001119826633631
S33669,29,25,2025-11-15,34,30,0.0,val,2,0.0001743542429381
S33776,29,6,2025-11-15,34,15,0.0,val,2,0.0001054999474193
S33920,29,18,2025-11-15,56,21,0.0,val,2,0.0001511003738252
S34426,29,19,2025-11-15,59,17,0.0,val,2,0.0001020852044192
S34488,29,12,2025-11-15,38,11,0.0,val,2,0.0008162936208923
S34602,29,22,2025-11-15,50,24,0.0,val,2,0.0001135214057712
S34607,29,4,2025-11-15,37,22,0.0,val,2,0.00010908836544
S34610,29,7,2025-11-15,25,27,0.0,val,2,0.0001952388886939
S34613,29,5,2025-11-15,31,22,0.0,val,2,0.0001013265608124
S34866,29,11,2025-11-15,25,24,0.0,val,2,0.0001102594022631
S34868,29,16,2025-11-15,63,19,0.0,val,2,0.0001526253830793
S34878,29,14,2025-11-15,47,15,0.0,val,2,0.0001076738981117
S34884,29,6,2025-11-15,33,22,0.0,val,2,0.0001167615792566
S34885,29,2,2025-11-15,53,26,0.0,val,2,0.000144205928608
S34887,29,1,2025-11-15,49,19,0.0,val,2,0.0001150982435098
S34891,29,2,2025-11-15,14,23,0.0,val,2,0.0002765692195855
S34893,29,5,2025-11-15,62,26,0.0,val,2,0.0001903626156903
S34894,29,4,2025-11-15,40,26,0.0,val,2,9.54064782941054e-05
S35324,29,19,2025-11-15,16,17,0.0,val,2,0.0008407463602675
S35526,29,18,2025-11-15,34,27,0.0,val,2,0.0001375085044802
S36009,29,5,2025-11-15,37,11,0.0,val,2,0.0008211158948117
S36017,29,12,2025-11-15,40,18,0.0,val,2,0.0001566895833816
S36021,29,14,2025-11-15,49,26,0.0,val,2,0.0001103555304742
S36048,29,18,2025-11-15,44,23,0.0,val,2,0.0001234111471349
S36049,29,22,2025-11-15,24,17,0.0,val,2,0.0001112033453738
S36053,29,20,2025-11-15,32,25,0.0,val,2,0.0001097880454574
S36069,29,19,2025-11-15,25,16,0.0,val,2,0.000101219939332
S36124,29,1,2025-11-15,41,26,0.0,val,2,0.0001220375010766
S36137,29,25,2025-11-15,24,15,0.0,val,2,0.0001688965427786
S36383,29,1,2025-11-15,39,20,0.0,val,2,0.0001128113482593
S36386,29,18,2025-11-15,36,19,0.0,val,2,0.0001378826069517
S36400,29,24,2025-11-15,49,20,0.0,val,2,0.0001341152609319
S36401,29,25,2025-11-15,38,31,0.0,val,2,0.0001821586332737
S36406,29,7,2025-11-15,25,25,0.0,val,2,0.000188856708142
S36407,29,6,2025-11-15,45,29,0.0,val,2,0.0001229857563356
S36415,29,13,2025-11-15,59,20,0.0,val,2,0.0001774189839619
S36417,29,16,2025-11-15,40,12,0.0,val,2,0.0001234188988273
S36423,29,11,2025-11-15,32,14,0.0,val,2,0.0001234675153714
S36427,29,8,2025-11-15,34,31,0.0,val,2,0.0001697622862434
S36438,29,24,2025-11-15,16,18,0.0,val,2,0.0002032671718296
S36879,29,11,2025-11-15,48,12,0.0,val,2,0.0007856257901063
S36912,29,23,2025-11-15,39,27,0.0,val,2,0.0001022740545221
S37040,29,23,2025-11-15,43,21,0.0,val,2,0.0001041109352843
S37041,29,22,2025-11-15,43,30,0.0,val,2,0.0001287208066277
S37042,29,22,2025-11-15,41,18,0.0,val,2,0.0001300792005233
S37391,29,16,2025-11-15,45,19,0.0,val,2,0.0001050563450511
S37415,29,20,2025-11-15,39,26,0.0,val,2,0.0001190260734961
S37829,29,1,2025-11-15,43,11,0.0,val,2,0.0008780029212867
S38125,29,16,2025-11-15,40,11,0.0055828425879901,val,2,0.0008496037270321
S38543,29,5,2025-11-15,29,30,0.0,val,2,0.000132461695046
S38544,29,7,2025-11-15,40,25,0.0,val,2,0.0001386952092562
S39004,29,24,2025-11-15,41,14,0.0,val,2,0.0001430038169259
S39005,29,2,2025-11-15,48,20,0.0,val,2,0.0001522585691971
S39009,29,8,2025-11-15,40,13,0.0,val,2,0.0001231796523262
S39021,29,25,2025-11-15,17,21,0.0,val,2,0.0001590719463276
S39095,29,24,2025-11-15,45,19,0.0,val,2,0.0001265046580636
S39096,29,24,2025-11-15,55,17,0.0,val,2,0.0001488973444195
S39097,29,19,2025-11-15,31,29,0.0,val,2,0.0001021037406495
S39098,29,18,2025-11-15,41,18,0.0,val,2,0.0001357601550125
S39560,29,25,2025-11-15,21,26,0.0,val,2,0.0001659857825903
S39564,29,12,2025-11-15,37,16,0.0,val,2,0.0001447083495925
S39568,29,4,2025-11-15,25,19,0.0,val,2,9.65063515874612e-05
S39573,29,23,2025-11-15,51,21,0.0,val,2,0.0001066246695673
S39598,29,18,2025-11-15,30,29,0.0,val,2,0.0001477100345628
S40703,29,17,2025-11-15,61,17,0.0,val,2,0.0003337629675927
S40882,29,6,2025-11-15,39,11,0.0,val,2,0.0008805789537749
S40883,29,13,2025-11-15,16,26,0.0021101614676873,val,2,0.0007452053242099
S40924,29,11,2025-11-15,22,26,0.0,val,2,0.0001176010056479
S40932,29,5,2025-11-15,37,30,0.0,val,2,0.0001272841970444
S41076,29,23,2025-11-15,27,14,0.0,val,2,0.0001241755911069
S41077,29,23,2025-11-15,50,28,0.0,val,2,0.0001059734860612
S41330,29,6,2025-11-15,62,16,0.0053718115002161,val,2,0.0008745216300145
S41333,29,24,2025-11-15,50,31,0.0,val,2,0.0008026686019774
S41362,29,12,2025-11-15,45,25,0.0,val,2,0.0001672572030411
S41367,29,16,2025-11-15,62,21,0.0,val,2,0.0001368602516801
S41510,29,4,2025-11-15,17,20,0.0,val,2,0.0001224187024443
S41511,29,5,2025-11-15,24,28,0.0035580946653637,val,2,0.0001297093252431
S41706,29,7,2025-11-15,37,32,0.0024002704530087,val,2,0.0008047278145423
S41709,29,10,2025-11-15,26,30,0.0,val,2,0.0008529913224257
S42316,29,23,2025-11-15,43,32,0.0,val,2,0.0008697916980225
S42321,29,6,2025-11-15,50,31,0.0,val,2,0.0008527200240958
S42322,29,14,2025-11-15,25,30,0.0044047631708622,val,2,0.0007909548526551
S42342,29,24,2025-11-15,35,25,0.0,val,2,0.0001275071270841
S42345,29,10,2025-11-15,41,24,0.0,val,2,0.0001258595140742
S42397,29,2,2025-11-15,19,17,0.0,val,2,0.000222213823778
S42536,29,11,2025-11-15,51,29,0.0,val,2,0.0001117660347938
S42540,29,17,2025-11-15,31,26,0.0,val,2,0.0002063707779556
S42574,29,25,2025-11-15,21,20,0.0,val,2,0.0001515240289794
S42585,29,19,2025-11-15,48,26,0.0,val,2,0.0001008226305536
S42964,29,19,2025-11-15,61,26,0.0,val,2,0.0001251676061082
S42966,29,24,2025-11-15,43,16,0.0,val,2,0.0001246280927742
S42971,29,22,2025-11-15,16,23,0.0,val,2,0.0001208644829389
S42972,29,1,2025-11-15,32,29,0.0,val,2,0.000133132999416
S42973,29,8,2025-11-15,48,30,0.0,val,2,0.0001461531275788
S42985,29,11,2025-11-15,61,18,0.0,val,2,0.0001155962327497
S42986,29,13,2025-11-15,26,26,0.0,val,2,0.0001503400441814
S42987,29,8,2025-11-15,22,23,0.0,val,2,0.0001203916734771
S00005,29,10,2025-11-15,32,18,0.0,val,3,0.0001274224426639
S00006,29,11,2025-11-15,56,14,0.0,val,3,0.000116704706057
S00007,29,5,2025-11-15,47,12,0.0,val,3,0.0001157875908217
S00008,29,6,2025-11-15,30,14,0.0,val,3,0.0001309473707139
S00010,29,7,2025-11-15,50,27,0.0,val,3,0.0001606520183813
S00011,29,7,2025-11-15,54,23,0.0048346538650479,val,3,0.0001765644333768
S00415,29,12,2025-11-15,18,19,0.0,val,3,0.0001763514525156
S00652,29,5,2025-11-15,31,28,0.0,val,3,0.0001105076424565
S01754,29,25,2025-11-15,30,31,0.0190191074177757,val,3,0.0007762042925934
S02083,29,6,2025-11-15,35,23,0.0,val,3,0.0001184905256656
S02089,29,2,2025-11-15,22,17,0.0,val,3,0.0002318435816239
S02151,29,19,2025-11-15,27,24,0.0,val,3,9.789298714094008e-05
S02264,29,7,2025-11-15,45,30,0.0,val,3,0.0001672278898753
S02266,29,7,2025-11-15,22,21,0.0,val,3,0.0002008211626133
S02268,29,2,2025-11-15,53,18,0.0,val,3,0.0001475954099785
S02270,29,1,2025-11-15,27,25,0.0,val,3,0.0001253142943422
S02273,29,23,2025-11-15,50,29,0.0,val,3,0.0001058884563511
S02303,29,18,2025-11-15,41,31,0.0,val,3,0.0001641405421919
S02380,29,20,2025-11-15,22,14,0.0,val,3,0.0008368407985077
S02558,29,10,2025-11-15,44,28,0.0,val,3,0.0001079794706069
S02568,29,1,2025-11-15,15,18,0.0,val,3,0.0001939889622553
S03437,29,19,2025-11-15,54,16,0.0,val,3,0.000107507626247
S03444,29,19,2025-11-15,49,30,0.0,val,3,0.0001127718497246
S03456,29,5,2025-11-15,34,18,0.0,val,3,0.0001070111853351
S03693,29,19,2025-11-15,58,27,0.0,val,3,0.0001180544835117
S03695,29,19,2025-11-15,35,27,0.0,val,3,9.887065334901316e-05
S03699,29,20,2025-11-15,45,21,0.0,val,3,0.000113459237927
S03702,29,4,2025-11-15,18,21,0.0,val,3,0.0001049964259021
S03711,29,6,2025-11-15,41,12,0.0,val,3,0.0001636629565383
S03718,29,8,2025-11-15,30,16,0.0,val,3,0.0001249146745418
S03868,29,24,2025-11-15,25,22,0.0,val,3,0.0001437149028185
S03873,29,1,2025-11-15,55,14,0.0,val,3,0.0001324759480326
S03875,29,24,2025-11-15,34,23,0.0,val,3,0.0001246123349533
S04282,29,18,2025-11-15,31,15,0.0,val,3,0.0001482167112611
S04286,29,19,2025-11-15,52,29,0.0,val,3,0.0001065370417193
S04287,29,24,2025-11-15,58,15,0.0,val,3,0.0001811507266819
S04293,29,4,2025-11-15,53,29,0.0,val,3,0.00011416855452
S04294,29,7,2025-11-15,24,16,0.0,val,3,0.0001856681511459
S04363,29,16,2025-11-15,33,22,0.0,val,3,0.0001041050442269
S04370,29,6,2025-11-15,33,13,0.0,val,3,0.0001164249767469
S04728,29,12,2025-11-15,30,14,0.0,val,3,0.0001715873350122
S04734,29,5,2025-11-15,42,18,0.0,val,3,0.0001055986312772
S04735,29,2,2025-11-15,25,23,0.0,val,3,0.0002304186112751
S04738,29,24,2025-11-15,55,29,0.0,val,3,0.0001829650650752
S04739,29,1,2025-11-15,25,21,0.0,val,3,0.000122157523427
S04866,29,2,2025-11-15,35,13,0.0,val,3,0.0001537379089388
S04867,29,7,2025-11-15,26,23,0.0,val,3,0.0001850101277605
S04873,29,13,2025-11-15,57,28,0.0,val,3,0.0001964793517588
S05042,29,17,2025-11-15,29,29,0.0,val,3,0.0002156796343329
S05250,29,8,2025-11-15,61,20,0.0,val,3,0.0001983389350464
S05251,29,8,2025-11-15,61,27,0.0,val,3,0.0002427311474176
S05258,29,24,2025-11-15,25,28,0.0,val,3,0.0001618592108697
S05931,29,23,2025-11-15,50,15,0.0,val,3,0.0001496411050568
S05932,29,23,2025-11-15,31,13,0.0,val,3,0.0001052660881592
S05973,29,1,2025-11-15,48,22,0.0,val,3,0.0001162001254621
S05975,29,8,2025-11-15,58,16,0.0,val,3,0.0001254271576558
S05977,29,10,2025-11-15,32,30,0.0,val,3,0.0001293123057159
S05984,29,7,2025-11-15,41,16,0.0,val,3,0.0001460444955732
S05985,29,16,2025-11-15,20,20,0.0,val,3,0.000110431950421
S05987,29,5,2025-11-15,35,13,0.0,val,3,0.0001215096812685
S06157,29,8,2025-11-15,17,24,0.0,val,3,0.0001439499645583
S06161,29,24,2025-11-15,32,19,0.0,val,3,0.000150541765546
S06922,29,19,2025-11-15,41,21,0.0,val,3,0.000100038909509
S07786,29,17,2025-11-15,31,31,0.0189190883726762,val,3,0.0007842742116674
S07877,29,4,2025-11-15,47,24,0.0,val,3,0.0001498209610332
S07891,29,17,2025-11-15,38,12,0.0,val,3,0.0002282505962684
S07892,29,25,2025-11-15,32,18,0.0,val,3,0.0001340684137887
S07894,29,18,2025-11-15,45,19,0.0,val,3,0.0001253815277711
S08764,29,17,2025-11-15,19,25,0.0,val,3,0.0002739067996723
S08846,29,13,2025-11-15,48,30,0.0,val,3,0.0001756999774253
S09075,29,10,2025-11-15,33,30,0.0,val,3,0.0001416514068778
S09076,29,10,2025-11-15,28,28,0.0,val,3,0.0001244036340805
S09078,29,10,2025-11-15,41,22,0.0,val,3,0.0001204813205176
S09081,29,7,2025-11-15,29,30,0.0,val,3,0.0001855130097834
S09083,29,8,2025-11-15,36,31,0.0,val,3,0.0001688242016839
S09085,29,4,2025-11-15,29,17,0.0,val,3,9.35190531959524e-05
S09086,29,24,2025-11-15,40,18,0.0,val,3,0.0001273690313509
S09089,29,25,2025-11-15,41,18,0.0,val,3,0.0001245743246269
S09291,29,20,2025-11-15,46,20,0.0,val,3,0.0001101090290223
S09300,29,12,2025-11-15,39,29,0.0,val,3,0.0001666927009365
S09302,29,14,2025-11-15,15,18,0.0,val,3,0.0001240803837214
S09305,29,6,2025-11-15,32,26,0.0,val,3,0.0001111396557293
S09307,29,5,2025-11-15,29,22,0.0,val,3,0.0001238991856203
S09633,29,22,2025-11-15,35,21,0.0,val,3,0.0001029117578906
S09649,29,13,2025-11-15,37,28,0.0,val,3,0.0001571557797334
S09797,29,22,2025-11-15,28,31,0.0116291766761301,val,3,0.0008687106125977
S09931,29,2,2025-11-15,40,16,0.0066210520145583,val,3,0.0001291758563418
S10086,29,16,2025-11-15,29,29,0.0,val,3,0.0001098497493491
S10088,29,16,2025-11-15,39,17,0.0,val,3,0.0001132697643602
S10090,29,7,2025-11-15,29,14,0.0,val,3,0.0002223275653302
S10093,29,5,2025-11-15,42,21,0.0,val,3,0.000121087145143
S10172,29,4,2025-11-15,57,14,0.0,val,3,0.0008505419989827
S10188,29,24,2025-11-15,38,30,0.0,val,3,0.0001779021725821
S10199,29,14,2025-11-15,14,21,0.0,val,3,0.0001324394251034
S10202,29,8,2025-11-15,32,23,0.0,val,3,0.0001295385444444
S10317,29,11,2025-11-15,18,21,0.0,val,3,0.0001144286927766
S10319,29,16,2025-11-15,47,19,0.0,val,3,0.0001115015678154
S10616,29,2,2025-11-15,24,13,0.0,val,3,0.0008413555324141
S10646,29,6,2025-11-15,22,18,0.0,val,3,0.0001182621991354
S10884,29,23,2025-11-15,27,12,0.0105750145144277,val,3,0.0008999473909786
S11550,29,23,2025-11-15,32,31,0.0,val,3,0.0001151576517324
S11552,29,20,2025-11-15,17,23,0.0,val,3,0.0001200284526895
S11565,29,11,2025-11-15,27,23,0.0,val,3,0.0001139473573903
S11567,29,16,2025-11-15,26,15,0.0,val,3,0.0001151714158271
S11568,29,10,2025-11-15,45,14,0.0,val,3,0.0001235535154151
S11569,29,11,2025-11-15,58,18,0.0,val,3,0.0001208676015617
S11570,29,12,2025-11-15,48,14,0.0,val,3,0.0001804260657074
S11572,29,8,2025-11-15,46,22,0.0,val,3,0.0001296809073947
S11573,29,13,2025-11-15,33,21,0.0,val,3,0.0001330528682994
S11576,29,14,2025-11-15,27,26,0.0,val,3,0.0001102750929992
S11657,29,25,2025-11-15,59,28,0.0,val,3,0.0007709206411573
S11998,29,5,2025-11-15,51,12,0.0,val,3,0.0008620260098807
S12370,29,20,2025-11-15,46,14,0.0,val,3,0.0001618772498648
S12846,29,1,2025-11-15,27,16,0.0,val,3,0.0001190309862444
S12848,29,11,2025-11-15,54,21,0.0,val,3,0.0001247836522714
S12853,29,11,2025-11-15,33,20,0.0,val,3,0.0001172641884035
S12856,29,11,2025-11-15,45,30,0.0,val,3,0.0001132035773972
S12858,29,16,2025-11-15,58,20,0.0,val,3,0.0001213810248242
S12862,29,5,2025-11-15,36,29,0.0,val,3,0.0001209723697553
S12868,29,17,2025-11-15,53,21,0.0,val,3,0.0001761593193249
S12948,29,13,2025-11-15,22,16,0.0,val,3,0.0001948496421109
S12956,29,22,2025-11-15,18,20,0.0,val,3,0.0001231536179637
S13110,29,25,2025-11-15,14,24,0.0,val,3,0.0001940949758093
S13111,29,16,2025-11-15,30,28,0.0,val,3,0.0001168142073108
S13121,29,5,2025-11-15,31,26,0.0,val,3,0.0001188527396763
S13122,29,24,2025-11-15,60,24,0.0,val,3,0.0001480029025448
S13156,29,19,2025-11-15,20,15,0.0,val,3,0.0001127017638138
S13160,29,18,2025-11-15,37,25,0.0,val,3,0.0001262226403797
S13166,29,2,2025-11-15,49,15,0.0,val,3,0.0001452131763429
S13169,29,1,2025-11-15,37,15,0.0,val,3,0.000117274220862
S13170,29,5,2025-11-15,21,22,0.0,val,3,0.0001132607271617
S13172,29,12,2025-11-15,54,18,0.0,val,3,0.0001667414854399
S13173,29,13,2025-11-15,55,21,0.0,val,3,0.0001472517462244
S13324,29,16,2025-11-15,49,27,0.0,val,3,0.0001055980572437
S13651,29,16,2025-11-15,46,11,0.0018450252994917,val,3,0.0008954238720746
S13659,29,12,2025-11-15,43,22,0.0,val,3,0.0001627813898225
S14161,29,16,2025-11-15,40,25,0.0,val,3,0.0001092812782862
S14162,29,13,2025-11-15,44,23,0.0,val,3,0.0001438775439025
S14163,29,11,2025-11-15,43,24,0.0,val,3,0.000117819815886
S14164,29,10,2025-11-15,53,17,0.0,val,3,0.0001133599002945
S14168,29,13,2025-11-15,32,30,0.0,val,3,0.000179153020549
S14171,29,14,2025-11-15,39,18,0.0,val,3,0.0001098760740384
S14288,29,24,2025-11-15,17,23,0.0,val,3,0.0001775362377681
S14290,29,13,2025-11-15,58,22,0.0,val,3,0.0001496530881993
S14674,29,25,2025-11-15,36,21,0.0,val,3,0.0001271712589754
S14676,29,25,2025-11-15,15,23,0.0,val,3,0.0001761163852361
S14679,29,11,2025-11-15,20,26,0.0,val,3,0.0001192523972594
S14691,29,6,2025-11-15,21,15,0.0,val,3,0.0001544589528096
S14693,29,8,2025-11-15,44,30,0.0,val,3,0.0001636256564255
S14745,29,17,2025-11-15,41,22,0.0,val,3,0.0001866647718263
S14875,29,8,2025-11-15,25,27,0.0,val,3,0.0001571649683292
S14883,29,7,2025-11-15,43,24,0.0,val,3,0.0001385651523592
S14886,29,20,2025-11-15,20,24,0.0,val,3,0.0001403092580347
S15267,29,8,2025-11-15,35,30,0.0,val,3,0.0001627266752219
S15272,29,17,2025-11-15,36,16,0.0,val,3,0.0001981656841277
S15379,29,7,2025-11-15,20,29,0.0033302510084562,val,3,0.0008048921720321
S16246,29,4,2025-11-15,61,26,0.0,val,3,0.0001304515793356
S16249,29,12,2025-11-15,38,12,0.0,val,3,0.0002147444388532
S16251,29,8,2025-11-15,61,18,0.0,val,3,0.0002259676266957
S16254,29,13,2025-11-15,30,16,0.0,val,3,0.0001485253751954
S16255,29,10,2025-11-15,39,12,0.0,val,3,0.0001465306366883
S16382,29,20,2025-11-15,36,16,0.0,val,3,0.0001086545024555
S16386,29,14,2025-11-15,40,25,0.0,val,3,0.000102258918207
S16397,29,11,2025-11-15,54,16,0.0,val,3,0.0001294124009704
S16399,29,16,2025-11-15,39,16,0.0,val,3,0.0001039088047026
S16405,29,13,2025-11-15,38,19,0.0,val,3,0.000143176676501
S16407,29,7,2025-11-15,33,13,0.0,val,3,0.000183147213057
S16409,29,2,2025-11-15,19,21,0.0,val,3,0.0001898325346371
S16412,29,23,2025-11-15,54,26,0.0,val,3,0.0001096189927588
S16414,29,23,2025-11-15,49,16,0.0,val,3,0.00011244422944
S16417,29,24,2025-11-15,50,16,0.0,val,3,0.0001517444528213
S16424,29,17,2025-11-15,25,29,0.0,val,3,0.0002583529824015
S16842,29,8,2025-11-15,63,18,0.0,val,3,0.0003040889694808
S16843,29,8,2025-11-15,22,26,0.0,val,3,0.0001346586069384
S16850,29,16,2025-11-15,47,12,0.0,val,3,0.0001175420082795
S16853,29,6,2025-11-15,45,25,0.0,val,3,0.0001622332670076
S16864,29,17,2025-11-15,57,28,0.0,val,3,0.0002495397406552
S17737,29,6,2025-11-15,45,32,0.0280807212212915,val,3,0.00086297776319
S17738,29,8,2025-11-15,31,12,0.0140696157349284,val,3,0.0007718511194935
S18160,29,4,2025-11-15,38,29,0.0,val,3,0.0001006237714769
S18800,29,18,2025-11-15,55,27,0.0,val,3,0.0001503198452877
S18978,29,20,2025-11-15,47,26,0.0,val,3,0.0001338418345131
S19224,29,24,2025-11-15,39,11,0.003513422759486,val,3,0.0008066440593042
S19434,29,22,2025-11-15,56,30,0.0,val,3,0.0008988530194885
S19861,29,17,2025-11-15,49,21,0.0,val,3,0.0001620038865988
S19993,29,19,2025-11-15,52,22,0.0,val,3,9.749375132114924e-05
S19994,29,19,2025-11-15,41,28,0.0,val,3,0.0001008520633116
S19995,29,18,2025-11-15,39,27,0.0,val,3,0.0001272746141213
S20000,29,20,2025-11-15,35,27,0.0,val,3,0.0001202543748402
S20001,29,22,2025-11-15,35,26,0.0,val,3,0.0001103732679781
S20008,29,5,2025-11-15,40,31,0.0,val,3,0.0001319128399118
S20016,29,12,2025-11-15,64,21,0.0,val,3,0.0003794495807451
S20537,29,19,2025-11-15,63,18,0.0,val,3,0.0001163549729256
S21146,29,1,2025-11-15,29,22,0.0,val,3,0.0001257629335611
S21147,29,22,2025-11-15,54,23,0.0,val,3,0.0001167267171469
S21150,29,17,2025-11-15,46,20,0.0,val,3,0.0001707930210232
S21158,29,18,2025-11-15,27,25,0.0,val,3,0.0001423675594682
S21161,29,7,2025-11-15,33,22,0.0,val,3,0.000149638514199
S21172,29,19,2025-11-15,36,29,0.0,val,3,0.0001128474281213
S21696,29,24,2025-11-15,60,17,0.0,val,3,0.0002208422857668
S21758,29,25,2025-11-15,20,19,0.0,val,3,0.0001648339748692
S21766,29,19,2025-11-15,38,18,0.0,val,3,0.0001064866166047
S22365,29,6,2025-11-15,32,22,0.0,val,3,0.0001351905781087
S22708,29,10,2025-11-15,26,22,0.0,val,3,0.000133059660917
S22711,29,10,2025-11-15,33,23,0.0,val,3,0.0001238085324393
S22715,29,16,2025-11-15,56,19,0.0,val,3,0.0001192894851091
S22931,29,25,2025-11-15,50,30,0.0,val,3,0.0001667573022436
S22934,29,7,2025-11-15,46,21,0.0,val,3,0.0001355784013441
S22936,29,12,2025-11-15,37,13,0.0,val,3,0.0001770495521236
S23109,29,7,2025-11-15,35,11,0.0,val,3,0.000882688921139
S23341,29,19,2025-11-15,23,23,0.0,val,3,9.67229560300368e-05
S23344,29,18,2025-11-15,40,28,0.0,val,3,0.0001323108743788
S23428,29,25,2025-11-15,39,32,0.0,val,3,0.0008122366379558
S23431,29,6,2025-11-15,46,32,0.0,val,3,0.0008587174937429
S23548,29,16,2025-11-15,63,24,0.0,val,3,0.0001297693430017
S23551,29,11,2025-11-15,23,24,0.0,val,3,0.0001108243819819
S23553,29,10,2025-11-15,25,18,0.0,val,3,0.00011393145516
S23554,29,11,2025-11-15,29,16,0.0,val,3,0.0001200692418256
S23947,29,17,2025-11-15,47,27,0.0,val,3,0.0002021537806583
S23953,29,18,2025-11-15,21,23,0.0,val,3,0.0001425551557292
S23954,29,20,2025-11-15,35,17,0.0,val,3,0.0001141415761862
S23963,29,16,2025-11-15,47,29,0.0,val,3,0.0001214755283819
S23966,29,5,2025-11-15,59,18,0.0,val,3,0.0001219339822086
S24337,29,18,2025-11-15,59,17,0.0,val,3,0.0001628168237567
S24341,29,24,2025-11-15,21,16,0.0,val,3,0.0001605950806498
S24381,29,10,2025-11-15,27,19,0.0,val,3,0.0001193820684543
S24387,29,16,2025-11-15,31,21,0.0,val,3,0.0001115456582878
S24393,29,22,2025-11-15,44,13,0.0,val,3,0.0001252647400209
S24504,29,10,2025-11-15,30,25,0.0,val,3,0.0001432262074783
S24618,29,2,2025-11-15,48,29,0.0,val,3,0.0001745079833253
S24619,29,4,2025-11-15,46,29,0.0020610946610598,val,3,0.0001111954137303
S24621,29,8,2025-11-15,28,19,0.0,val,3,0.0001212070523604
S24704,29,18,2025-11-15,19,28,0.0,val,3,0.0008110684158385
S24707,29,6,2025-11-15,29,12,0.0020975774457668,val,3,0.000887933325439
S24709,29,19,2025-11-15,60,28,0.0,val,3,0.0008389686766506
S25042,29,18,2025-11-15,21,21,0.0,val,3,0.0001353789936518
S25053,29,7,2025-11-15,64,26,0.0,val,3,0.0008003306443083
S25164,29,11,2025-11-15,39,22,0.0,val,3,0.0001129957812485
S25167,29,16,2025-11-15,37,24,0.0,val,3,0.0001086255291905
S25171,29,4,2025-11-15,65,21,0.0,val,3,0.0001502990559675
S25177,29,20,2025-11-15,33,25,0.0,val,3,0.0001170149000758
S25322,29,11,2025-11-15,34,18,0.0,val,3,0.000116662771078
S25323,29,5,2025-11-15,39,20,0.0,val,3,0.0001053489323103
S25846,29,23,2025-11-15,41,15,0.0,val,3,0.0001092468940485
S25847,29,23,2025-11-15,33,16,0.0,val,3,0.0001140939070778
S25856,29,1,2025-11-15,49,21,0.0,val,3,0.0001218757822418
S25857,29,2,2025-11-15,37,19,0.0,val,3,0.0001516182822427
S25859,29,7,2025-11-15,17,22,0.0,val,3,0.0002270676938373
S25866,29,8,2025-11-15,57,16,0.0,val,3,0.0001366816905756
S26205,29,8,2025-11-15,50,13,0.0,val,3,0.0001653501466623
S26209,29,10,2025-11-15,47,19,0.0,val,3,0.0002015402672305
S26212,29,13,2025-11-15,41,24,0.0,val,3,0.0001639608679982
S26213,29,16,2025-11-15,45,15,0.0,val,3,0.000161120898884
S26221,29,4,2025-11-15,63,24,0.0,val,3,0.0001483405948342
S26244,29,18,2025-11-15,27,27,0.0,val,3,0.0001574403094542
S26346,29,19,2025-11-15,49,16,0.0,val,3,0.0001024173482324
S26359,29,16,2025-11-15,30,30,0.0,val,3,0.0001148070564843
S26362,29,8,2025-11-15,45,31,0.0,val,3,0.0001418682998586
S27312,29,22,2025-11-15,57,26,0.0,val,3,0.0001204894915189
S27313,29,1,2025-11-15,31,26,0.0,val,3,0.0001202625335368
S27556,29,18,2025-11-15,19,18,0.0,val,3,0.0001521513451406
S27561,29,24,2025-11-15,29,23,0.0,val,3,0.0001357937144287
S27563,29,23,2025-11-15,32,24,0.0,val,3,9.874156671264865e-05
S27570,29,1,2025-11-15,23,23,0.0,val,3,0.0001307608240458
S27572,29,4,2025-11-15,47,12,0.0,val,3,0.0001245970665628
S27583,29,13,2025-11-15,49,18,0.0,val,3,0.0001541199618161
S28181,29,18,2025-11-15,53,23,0.0,val,3,0.0001667116085396
S28184,29,24,2025-11-15,46,30,0.0,val,3,0.0001507805075237
S28189,29,6,2025-11-15,55,29,0.0,val,3,0.000187245375373
S28227,29,4,2025-11-15,36,17,0.0,val,3,9.949509667121865e-05
S28234,29,20,2025-11-15,45,25,0.0,val,3,0.0001108161857632
S28239,29,17,2025-11-15,36,22,0.0,val,3,0.0001936456390278
S28575,29,19,2025-11-15,29,18,0.0,val,3,0.0001048148362825
S28577,29,20,2025-11-15,34,30,0.0,val,3,0.0001240060865071
S28578,29,19,2025-11-15,50,18,0.0,val,3,9.981663573561772e-05
S28608,29,8,2025-11-15,24,14,0.0,val,3,0.0001556380941513
S28874,29,14,2025-11-15,33,22,0.0,val,3,0.0001044957608692
S29058,29,8,2025-11-15,58,26,0.0,val,3,0.0001349592763942
S29060,29,16,2025-11-15,20,24,0.0,val,3,0.0001185325327871
S29065,29,22,2025-11-15,51,29,0.0,val,3,0.0001266219635344
S29066,29,24,2025-11-15,34,17,0.0,val,3,0.0001250200732247
S29243,29,22,2025-11-15,41,32,0.0115943246130948,val,3,0.0008299638256816
S29245,29,16,2025-11-15,19,15,0.0203270516512571,val,3,0.0008136865224967
S29246,29,10,2025-11-15,51,31,0.007122639819426,val,3,0.0008139248951174
S29330,29,23,2025-11-15,28,26,0.0,val,3,9.915821619334388e-05
S29543,29,13,2025-11-15,25,22,0.0,val,3,0.0001574162395609
S29544,29,6,2025-11-15,63,22,0.0,val,3,0.0001834541343724
S29545,29,14,2025-11-15,52,13,0.0,val,3,0.0001150456478633
S30148,29,23,2025-11-15,18,19,0.0,val,3,0.0001070651268882
S30157,29,25,2025-11-15,33,26,0.0,val,3,0.0001288146115961
S30159,29,7,2025-11-15,55,15,0.0,val,3,0.0001772193439567
S30259,29,6,2025-11-15,18,15,0.0,val,3,0.0008764678183717
S30966,29,20,2025-11-15,26,27,0.0,val,3,0.0001173336622993
S30983,29,1,2025-11-15,56,22,0.0,val,3,0.0001231874612191
S30985,29,6,2025-11-15,21,21,0.0,val,3,0.0001181555930981
S30989,29,11,2025-11-15,30,14,0.0,val,3,0.000126546407436
S30993,29,14,2025-11-15,52,17,0.0,val,3,0.0001082471956819
S31340,29,12,2025-11-15,56,14,0.0,val,3,0.0002097532380325
S31346,29,12,2025-11-15,37,19,0.0,val,3,0.0001528086795235
S31357,29,23,2025-11-15,22,19,0.0,val,3,0.0001002567556886
S31662,29,19,2025-11-15,48,22,0.0,val,3,9.892182912329096e-05
S31774,29,18,2025-11-15,30,20,0.0,val,3,0.0001419376484447
S32155,29,7,2025-11-15,46,31,0.0,val,3,0.0001810034843519
S32212,29,2,2025-11-15,31,12,0.0,val,3,0.0007947923843427
S32408,29,1,2025-11-15,32,12,0.0,val,3,0.0001445041228277
S32409,29,4,2025-11-15,22,18,0.0,val,3,0.0001026600673689
S32414,29,20,2025-11-15,21,25,0.0,val,3,0.0001151245370727
S32833,29,4,2025-11-15,58,14,0.0,val,3,0.0008557610352642
S33011,29,18,2025-11-15,23,25,0.0,val,3,0.0001376209784817
S33012,29,18,2025-11-15,35,15,0.0,val,3,0.00014338782015
S33016,29,25,2025-11-15,46,16,0.0,val,3,0.00012190567282
S33023,29,10,2025-11-15,54,28,0.0,val,3,0.0001243617046103
S33024,29,12,2025-11-15,36,16,0.0,val,3,0.0001563826248391
S33474,29,18,2025-11-15,19,15,0.0,val,3,0.0008198113126445
S33475,29,8,2025-11-15,51,12,0.0,val,3,0.0008368876897303
S33557,29,19,2025-11-15,45,28,0.0,val,3,0.0001186999491468
S33669,29,25,2025-11-15,37,30,0.0,val,3,0.000167383855174
S33776,29,6,2025-11-15,28,15,0.0,val,3,0.0001217845592984
S33920,29,18,2025-11-15,53,21,0.0,val,3,0.0001495656110127
S34426,29,19,2025-11-15,55,17,0.0,val,3,0.0001001475475947
S34488,29,12,2025-11-15,40,32,0.0,val,3,0.0008154508595387
S34602,29,22,2025-11-15,53,24,0.0,val,3,0.0001098631525001
S34607,29,4,2025-11-15,44,22,0.0,val,3,0.0001156786798555
S34610,29,7,2025-11-15,19,27,0.0,val,3,0.0002138128740625
S34613,29,5,2025-11-15,35,22,0.0,val,3,0.000106198007572
S34866,29,11,2025-11-15,32,24,0.0,val,3,0.0001105185340025
S34868,29,16,2025-11-15,55,19,0.0,val,3,0.0001035434273779
S34878,29,14,2025-11-15,41,15,0.0,val,3,0.0001146919575214
S34884,29,6,2025-11-15,39,22,0.0,val,3,0.000186076156746
S34885,29,2,2025-11-15,57,26,0.0,val,3,0.0002912444165752
S34887,29,1,2025-11-15,41,19,0.0,val,3,0.0001115870258456
S34891,29,2,2025-11-15,18,22,0.0,val,3,0.0003198111002074
S34893,29,5,2025-11-15,59,25,0.0,val,3,0.0001153149724307
S34894,29,4,2025-11-15,46,26,0.0,val,3,9.931817307329478e-05
S35324,29,19,2025-11-15,18,15,0.0,val,3,0.0008946874012305
S35526,29,18,2025-11-15,31,27,0.0,val,3,0.0001412098344734
S36009,29,5,2025-11-15,32,32,0.0,val,3,0.0008696765007579
S36017,29,12,2025-11-15,46,18,0.0,val,3,0.0001526228309525
S36021,29,14,2025-11-15,55,26,0.0,val,3,0.000116636356554
S36048,29,18,2025-11-15,41,23,0.0,val,3,0.0001227744447639
S36049,29,22,2025-11-15,21,17,0.0,val,3,0.0001134537132319
S36053,29,20,2025-11-15,29,25,0.0,val,3,0.0001076858532226
S36069,29,19,2025-11-15,28,16,0.0,val,3,9.605752197428074e-05
S36124,29,1,2025-11-15,47,26,0.0,val,3,0.0001179368107209
S36137,29,25,2025-11-15,20,15,0.0,val,3,0.0002075918742647
S36383,29,1,2025-11-15,45,20,0.0,val,3,0.0001172679444223
S36386,29,18,2025-11-15,33,19,0.0,val,3,0.000139383869286
S36400,29,24,2025-11-15,52,20,0.0,val,3,0.00012945179728
S36401,29,25,2025-11-15,35,31,0.0,val,3,0.0001813157871458
S36406,29,7,2025-11-15,19,25,0.0,val,3,0.0002133329633745
S36407,29,6,2025-11-15,39,29,0.0,val,3,0.000117231745368
S36415,29,13,2025-11-15,64,19,0.0,val,3,0.0003579705439753
S36417,29,16,2025-11-15,43,12,0.0,val,3,0.0001263464655186
S36423,29,11,2025-11-15,39,14,0.0,val,3,0.0001175917418442
S36427,29,8,2025-11-15,27,30,0.0,val,3,0.0001544746308812
S36438,29,24,2025-11-15,20,18,0.0,val,3,0.0001621437803756
S36879,29,11,2025-11-15,40,11,0.0,val,3,0.0008210162679686
S36912,29,23,2025-11-15,36,27,0.0,val,3,0.0001097653178658
S37040,29,23,2025-11-15,40,21,0.0,val,3,0.0001093125411659
S37041,29,22,2025-11-15,46,30,0.0,val,3,0.0001358028671481
S37042,29,22,2025-11-15,45,18,0.0,val,3,0.0001111164105019
S37391,29,16,2025-11-15,38,19,0.0,val,3,0.0001017217256108
S37415,29,20,2025-11-15,43,26,0.0,val,3,0.0001276980508318
S37829,29,1,2025-11-15,36,11,0.0,val,3,0.00085608612561
S38125,29,16,2025-11-15,35,11,0.0055828425879901,val,3,0.0008470152724728
S38543,29,5,2025-11-15,35,30,0.0,val,3,0.0001132832755187
S38544,29,7,2025-11-15,34,25,0.0,val,3,0.0001616853582949
S39004,29,24,2025-11-15,44,14,0.0,val,3,0.000174979495731
S39005,29,2,2025-11-15,54,20,0.0,val,3,0.0002394766095147
S39009,29,8,2025-11-15,34,13,0.0,val,3,0.00012872801501
S39021,29,25,2025-11-15,14,21,0.0,val,3,0.0003851072469533
S39095,29,24,2025-11-15,42,19,0.0,val,3,0.0001189966554452
S39096,29,24,2025-11-15,52,17,0.0,val,3,0.0001329777274345
S39097,29,19,2025-11-15,28,29,0.0,val,3,0.0001099788796579
S39098,29,18,2025-11-15,44,18,0.0,val,3,0.0001417718759976
S39560,29,25,2025-11-15,25,26,0.0,val,3,0.0001524061937406
S39564,29,12,2025-11-15,44,16,0.0,val,3,0.0001526395870116
S39568,29,4,2025-11-15,21,19,0.0,val,3,0.0001108231067659
S39573,29,23,2025-11-15,48,21,0.0,val,3,0.0001180915363576
S39598,29,18,2025-11-15,27,29,0.0,val,3,0.0001756985483974
S40703,29,17,2025-11-15,58,17,0.0,val,3,0.00022217570935
S40882,29,6,2025-11-15,41,32,0.0,val,3,0.0008036559600847
S40883,29,13,2025-11-15,21,14,0.0021101614676873,val,3,0.0005336849794401
S40924,29,11,2025-11-15,28,26,0.0,val,3,0.0001309970569359
S40932,29,5,2025-11-15,43,30,0.0,val,3,0.0001088711306057
S41076,29,23,2025-11-15,30,14,0.0,val,3,0.0001048602543896
S41077,29,23,2025-11-15,53,28,0.0,val,3,0.0001179441193584
S41330,29,6,2025-11-15,56,13,0.0053718115002161,val,3,0.0008900176404293
S41333,29,24,2025-11-15,57,29,0.0,val,3,0.0008043160883554
S41362,29,12,2025-11-15,39,25,0.0,val,3,0.0001562052099705
S41367,29,16,2025-11-15,56,21,0.0,val,3,0.0001065783975144
S41510,29,4,2025-11-15,23,20,0.0,val,3,9.837152939679174e-05
S41511,29,5,2025-11-15,30,28,0.0035580946653637,val,3,0.0001435664169017
S41706,29,7,2025-11-15,29,31,0.0024002704530087,val,3,0.0007596453500652
S41709,29,10,2025-11-15,20,29,0.0,val,3,0.0008410277613611
S42316,29,23,2025-11-15,48,31,0.0,val,3,0.0008147670910052
S42321,29,6,2025-11-15,44,31,0.0,val,3,0.0001663606253353
S42322,29,14,2025-11-15,20,29,0.0044047631708622,val,3,0.0008082688621175
S42342,29,24,2025-11-15,32,25,0.0,val,3,0.0001260536349518
S42345,29,10,2025-11-15,47,24,0.0,val,3,0.0001249814223124
S42397,29,2,2025-11-15,19,16,0.0,val,3,0.0003353639817798
S42536,29,11,2025-11-15,45,29,0.0,val,3,0.0001618769359653
S42540,29,17,2025-11-15,34,26,0.0,val,3,0.0001909227548809
S42574,29,25,2025-11-15,24,20,0.0,val,3,0.0001395535942566
S42585,29,19,2025-11-15,51,26,0.0,val,3,0.0001055064577866
S42964,29,19,2025-11-15,62,25,0.0,val,3,0.000111863875053
S42966,29,24,2025-11-15,46,16,0.0,val,3,0.0001349792951807
S42971,29,22,2025-11-15,15,22,0.0,val,3,0.0001247297537943
S42972,29,1,2025-11-15,26,29,0.0,val,3,0.0001451282588716
S42973,29,8,2025-11-15,56,29,0.0,val,3,0.0001781218872959
S42985,29,11,2025-11-15,60,17,0.0,val,3,0.0001141263914893
S42986,29,13,2025-11-15,32,26,0.0,val,3,0.0001434783251714
S42987,29,8,2025-11-15,16,23,0.0,val,3,0.0001786143022189
S00005,29,10,2025-11-15,30,18,0.0,val,4,0.000114627998941
S00006,29,11,2025-11-15,54,14,0.0,val,4,0.0001196035133132
S00007,29,5,2025-11-15,45,12,0.0,val,4,0.0001283314409157
S00008,29,6,2025-11-15,28,14,0.0,val,4,0.0001310854551199
S00010,29,7,2025-11-15,52,27,0.0,val,4,0.0001493587873655
S00011,29,7,2025-11-15,56,23,0.0048346538650479,val,4,0.0001632839484212
S00415,29,12,2025-11-15,20,19,0.0,val,4,0.0001683005440843
S00652,29,5,2025-11-15,29,28,0.0,val,4,0.0001205917849237
S01754,29,25,2025-11-15,31,31,0.0190191074177757,val,4,0.0007617972360895
S02083,29,6,2025-11-15,37,23,0.0,val,4,0.000124185342072
S02089,29,2,2025-11-15,24,17,0.0,val,4,0.0002375414923636
S02151,29,19,2025-11-15,26,24,0.0,val,4,9.619963660213448e-05
S02264,29,7,2025-11-15,43,30,0.0,val,4,0.000165456980169
S02266,29,7,2025-11-15,24,21,0.0,val,4,0.0001873153076302
S02268,29,2,2025-11-15,51,18,0.0,val,4,0.0001360420522265
S02270,29,1,2025-11-15,29,25,0.0,val,4,0.000126382607843
S02273,29,23,2025-11-15,51,29,0.0,val,4,0.0001181294839314
S02303,29,18,2025-11-15,42,31,0.0,val,4,0.0001847850312822
S02380,29,20,2025-11-15,21,14,0.0,val,4,0.0008220948869487
S02558,29,10,2025-11-15,41,28,0.0,val,4,0.0001140696039548
S02568,29,1,2025-11-15,15,19,0.0,val,4,0.0001801180619105
S03437,29,19,2025-11-15,53,16,0.0,val,4,0.0001028104842101
S03444,29,19,2025-11-15,48,30,0.0,val,4,0.0001111367648518
S03456,29,5,2025-11-15,31,18,0.0,val,4,0.0001120747893437
S03693,29,19,2025-11-15,59,27,0.0,val,4,0.0001207029541438
S03695,29,19,2025-11-15,36,27,0.0,val,4,9.345303668942372e-05
S03699,29,20,2025-11-15,46,21,0.0,val,4,0.0001123035193881
S03702,29,4,2025-11-15,21,21,0.0,val,4,0.0001039408393085
S03711,29,6,2025-11-15,40,12,0.0,val,4,0.0001795786032172
S03718,29,8,2025-11-15,28,16,0.0,val,4,0.0001379870323483
S03868,29,24,2025-11-15,24,22,0.0,val,4,0.00015011976907
S03873,29,1,2025-11-15,54,14,0.0,val,4,0.00013269080705
S03875,29,24,2025-11-15,35,23,0.0,val,4,0.0001307752780547
S04282,29,18,2025-11-15,32,15,0.0,val,4,0.0001487242518659
S04286,29,19,2025-11-15,53,29,0.0,val,4,0.0001063332094717
S04287,29,24,2025-11-15,61,16,0.0,val,4,0.0003179185043404
S04293,29,4,2025-11-15,55,29,0.0,val,4,0.0001283499225425
S04294,29,7,2025-11-15,22,16,0.0,val,4,0.0002272128718266
S04363,29,16,2025-11-15,31,22,0.0,val,4,9.98095216394496e-05
S04370,29,6,2025-11-15,35,13,0.0,val,4,0.0001219515786177
S04728,29,12,2025-11-15,28,14,0.0,val,4,0.0001759214553204
S04734,29,5,2025-11-15,40,18,0.0,val,4,0.0001009946410634
S04735,29,2,2025-11-15,27,23,0.0,val,4,0.0002207248011489
S04738,29,24,2025-11-15,56,29,0.0,val,4,0.000192244250334
S04739,29,1,2025-11-15,27,21,0.0,val,4,0.0001235515456904
S04866,29,2,2025-11-15,38,13,0.0,val,4,0.0001798217295716
S04867,29,7,2025-11-15,28,23,0.0,val,4,0.0001893021262621
S04873,29,13,2025-11-15,56,28,0.0,val,4,0.0001691847445291
S05042,29,17,2025-11-15,30,29,0.0,val,4,0.0002125972654395
S05250,29,8,2025-11-15,59,20,0.0,val,4,0.0001335264810577
S05251,29,8,2025-11-15,58,28,0.0,val,4,0.0001694786483552
S05258,29,24,2025-11-15,24,28,0.0,val,4,0.0001667673900951
S05931,29,23,2025-11-15,51,15,0.0,val,4,0.0001200626738523
S05932,29,23,2025-11-15,33,13,0.0,val,4,9.939444211298952e-05
S05973,29,1,2025-11-15,46,22,0.0,val,4,0.0001231087439038
S05975,29,8,2025-11-15,56,16,0.0,val,4,0.0001531441385757
S05977,29,10,2025-11-15,30,30,0.0,val,4,0.000120242281685
S05984,29,7,2025-11-15,39,16,0.0,val,4,0.0001406522536944
S05985,29,16,2025-11-15,18,20,0.0,val,4,0.0001222651914305
S05987,29,5,2025-11-15,37,13,0.0,val,4,0.0001220745665794
S06157,29,8,2025-11-15,15,24,0.0,val,4,0.0001595647422109
S06161,29,24,2025-11-15,33,19,0.0,val,4,0.0001551707839561
S06922,29,19,2025-11-15,42,21,0.0,val,4,9.796261742171312e-05
S07786,29,17,2025-11-15,37,32,0.0189190883726762,val,4,0.0007908313380368
S07877,29,4,2025-11-15,45,24,0.0,val,4,9.931053388765034e-05
S07891,29,17,2025-11-15,37,12,0.0,val,4,0.0002572864400613
S07892,29,25,2025-11-15,31,18,0.0,val,4,0.0001230553608885
S07894,29,18,2025-11-15,46,19,0.0,val,4,0.0001290487485833
S08764,29,17,2025-11-15,20,25,0.0,val,4,0.0002221270467057
S08846,29,13,2025-11-15,46,30,0.0,val,4,0.0001683463286884
S09075,29,10,2025-11-15,31,30,0.0,val,4,0.0001401137341658
S09076,29,10,2025-11-15,26,28,0.0,val,4,0.0001182693065304
S09078,29,10,2025-11-15,39,22,0.0,val,4,0.0001394382007435
S09081,29,7,2025-11-15,32,31,0.0,val,4,0.0002245532325199
S09083,29,8,2025-11-15,38,31,0.0,val,4,0.0001532276137255
S09085,29,4,2025-11-15,31,17,0.0,val,4,9.837261047714443e-05
S09086,29,24,2025-11-15,39,18,0.0,val,4,0.0001418910809892
S09089,29,25,2025-11-15,40,18,0.0,val,4,0.0001317867557517
S09291,29,20,2025-11-15,45,20,0.0,val,4,0.0001077211381002
S09300,29,12,2025-11-15,41,29,0.0,val,4,0.0001750264277358
S09302,29,14,2025-11-15,15,19,0.0,val,4,0.0001224146075649
S09305,29,6,2025-11-15,30,26,0.0,val,4,0.0001072936165474
S09307,29,5,2025-11-15,27,22,0.0,val,4,0.0001110744682496
S09633,29,22,2025-11-15,36,21,0.0,val,4,0.0001093394688235
S09649,29,13,2025-11-15,35,28,0.0,val,4,0.0001402199942375
S09797,29,22,2025-11-15,30,31,0.0116291766761301,val,4,0.000889319018384
S09931,29,2,2025-11-15,38,16,0.0066210520145583,val,4,0.0001262994953849
S10086,29,16,2025-11-15,32,29,0.0,val,4,0.0001218257581896
S10088,29,16,2025-11-15,41,17,0.0,val,4,0.0001099341234324
S10090,29,7,2025-11-15,27,14,0.0,val,4,0.0001947041414654
S10093,29,5,2025-11-15,46,21,0.0,val,4,0.0001035686048301
S10172,29,4,2025-11-15,60,15,0.0,val,4,0.0008398952708049
S10188,29,24,2025-11-15,37,30,0.0,val,4,0.0001481142026149
S10199,29,14,2025-11-15,16,21,0.0,val,4,0.0001197586240502
S10202,29,8,2025-11-15,34,23,0.0,val,4,0.0001160043183089
S10317,29,11,2025-11-15,20,21,0.0,val,4,0.0001204550920199
S10319,29,16,2025-11-15,49,19,0.0,val,4,0.0001107875260028
S10616,29,2,2025-11-15,21,14,0.0,val,4,0.0008425551245153
S10646,29,6,2025-11-15,20,18,0.0,val,4,0.000158491758076
S10884,29,23,2025-11-15,24,13,0.0105750145144277,val,4,0.000880853744196
S11550,29,23,2025-11-15,33,31,0.0,val,4,0.0001176959642272
S11552,29,20,2025-11-15,18,23,0.0,val,4,0.0001230593479822
S11565,29,11,2025-11-15,30,23,0.0,val,4,0.0001115257682456
S11567,29,16,2025-11-15,31,15,0.0,val,4,0.0001151641174034
S11568,29,10,2025-11-15,44,14,0.0,val,4,0.0001160110404479
S11569,29,11,2025-11-15,56,18,0.0,val,4,0.0001214741983704
S11570,29,12,2025-11-15,46,14,0.0,val,4,0.0001788720495178
S11572,29,8,2025-11-15,44,22,0.0,val,4,0.0001223959904426
S11573,29,13,2025-11-15,35,21,0.0,val,4,0.0001360296197584
S11576,29,14,2025-11-15,25,26,0.0,val,4,0.000102748019693
S11657,29,25,2025-11-15,59,29,0.0,val,4,0.0008015977238247
S11998,29,5,2025-11-15,53,13,0.0,val,4,0.0008369274918083
S12370,29,20,2025-11-15,45,14,0.0,val,4,0.0001613595901805
S12846,29,1,2025-11-15,25,16,0.0,val,4,0.000126109295783
S12848,29,11,2025-11-15,56,21,0.0,val,4,0.0001154947773826
S12853,29,11,2025-11-15,31,20,0.0,val,4,0.0001188640766435
S12856,29,11,2025-11-15,43,30,0.0,val,4,0.0001432307443237
S12858,29,16,2025-11-15,55,20,0.0,val,4,0.0001048506550459
S12862,29,5,2025-11-15,38,29,0.0,val,4,0.0001478657172457
S12868,29,17,2025-11-15,54,21,0.0,val,4,0.0001831171047496
S12948,29,13,2025-11-15,20,16,0.0,val,4,0.0001985110210962
S12956,29,22,2025-11-15,17,20,0.0,val,4,0.0001193397671372
S13110,29,25,2025-11-15,15,25,0.0,val,4,0.0001967481717157
S13111,29,16,2025-11-15,27,28,0.0,val,4,0.0001115202497817
S13121,29,5,2025-11-15,29,26,0.0,val,4,0.0001212458627149
S13122,29,24,2025-11-15,59,24,0.0,val,4,0.0001431878005166
S13156,29,19,2025-11-15,22,15,0.0,val,4,0.0001114900124949
S13160,29,18,2025-11-15,38,25,0.0,val,4,0.0001237887139412
S13166,29,2,2025-11-15,51,15,0.0,val,4,0.0001643046942146
S13169,29,1,2025-11-15,39,15,0.0,val,4,0.0001175476732221
S13170,29,5,2025-11-15,19,22,0.0,val,4,0.0001230344251328
S13172,29,12,2025-11-15,52,18,0.0,val,4,0.0001610966156526
S13173,29,13,2025-11-15,57,21,0.0,val,4,0.0001509627632361
S13324,29,16,2025-11-15,50,27,0.0,val,4,0.0001168368920653
S13651,29,16,2025-11-15,48,12,0.0018450252994917,val,4,0.0007970919513696
S13659,29,12,2025-11-15,40,22,0.0,val,4,0.0001677651840642
S14161,29,16,2025-11-15,42,25,0.0,val,4,0.0001154216924278
S14162,29,13,2025-11-15,46,23,0.0,val,4,0.0001526931451885
S14163,29,11,2025-11-15,41,24,0.0,val,4,0.0001113297160978
S14164,29,10,2025-11-15,55,17,0.0,val,4,0.0001172297660335
S14168,29,13,2025-11-15,30,30,0.0,val,4,0.0001778526903174
S14171,29,14,2025-11-15,37,18,0.0,val,4,0.0001071891405864
S14288,29,24,2025-11-15,18,23,0.0,val,4,0.0001534244533854
S14290,29,13,2025-11-15,56,22,0.0,val,4,0.0001413795268521
S14674,29,25,2025-11-15,37,21,0.0,val,4,0.0001239574503617
S14676,29,25,2025-11-15,16,23,0.0,val,4,0.0002554517126794
S14679,29,11,2025-11-15,18,26,0.0,val,4,0.0001156142173458
S14691,29,6,2025-11-15,23,15,0.0,val,4,0.0001386842178136
S14693,29,8,2025-11-15,42,30,0.0,val,4,0.0001405272666057
S14745,29,17,2025-11-15,40,22,0.0,val,4,0.0002129280297388
S14875,29,8,2025-11-15,27,27,0.0,val,4,0.000146982529659
S14883,29,7,2025-11-15,41,24,0.0,val,4,0.0001368878384821
S14886,29,20,2025-11-15,19,24,0.0,val,4,0.0001188504828435
S15267,29,8,2025-11-15,33,30,0.0,val,4,0.000158308735538
S15272,29,17,2025-11-15,35,16,0.0,val,4,0.0001828272318928
S15379,29,7,2025-11-15,22,29,0.0033302510084562,val,4,0.0007652406363347
S16246,29,4,2025-11-15,59,26,0.0,val,4,0.0001884929705858
S16249,29,12,2025-11-15,36,12,0.0,val,4,0.0002025108305472
S16251,29,8,2025-11-15,59,18,0.0,val,4,0.0001356404953342
S16254,29,13,2025-11-15,27,16,0.0,val,4,0.0002041267513813
S16255,29,10,2025-11-15,37,12,0.0,val,4,0.0001397784612027
S16382,29,20,2025-11-15,35,16,0.0,val,4,0.0001234086178229
S16386,29,14,2025-11-15,43,25,0.0,val,4,0.0001088659463256
S16397,29,11,2025-11-15,52,16,0.0,val,4,0.0001159094880912
S16399,29,16,2025-11-15,37,16,0.0,val,4,9.76046453830789e-05
S16405,29,13,2025-11-15,41,19,0.0,val,4,0.0001389833831006
S16407,29,7,2025-11-15,35,13,0.0,val,4,0.000181697176735
S16409,29,2,2025-11-15,20,21,0.0,val,4,0.0002225492082413
S16412,29,23,2025-11-15,53,26,0.0,val,4,0.0001038336168532
S16414,29,23,2025-11-15,48,16,0.0,val,4,0.0001100797400894
S16417,29,24,2025-11-15,49,16,0.0,val,4,0.0001459209162047
S16424,29,17,2025-11-15,26,29,0.0,val,4,0.0002377799455774
S16842,29,8,2025-11-15,60,18,0.0,val,4,0.0002146305108959
S16843,29,8,2025-11-15,20,26,0.0,val,4,0.0001375798170487
S16850,29,16,2025-11-15,46,12,0.0,val,4,0.0001264983269822
S16853,29,6,2025-11-15,47,25,0.0,val,4,0.0001189328734912
S16864,29,17,2025-11-15,56,28,0.0,val,4,0.0002454138860145
S17737,29,6,2025-11-15,43,32,0.0280807212212915,val,4,0.0008669335804558
S17738,29,8,2025-11-15,29,12,0.0140696157349284,val,4,0.0008175730053189
S18160,29,4,2025-11-15,40,29,0.0,val,4,9.78770233800647e-05
S18800,29,18,2025-11-15,56,27,0.0,val,4,0.0001817004688244
S18978,29,20,2025-11-15,46,26,0.0,val,4,0.0001170804242629
S19224,29,24,2025-11-15,40,11,0.003513422759486,val,4,0.0008136472692003
S19434,29,22,2025-11-15,55,30,0.0,val,4,0.000870396487139
S19861,29,17,2025-11-15,50,21,0.0,val,4,0.000167598581819
S19993,29,19,2025-11-15,51,22,0.0,val,4,9.829652684818186e-05
S19994,29,19,2025-11-15,40,28,0.0,val,4,0.0001025369651327
S19995,29,18,2025-11-15,40,27,0.0,val,4,0.0001282536852256
S20000,29,20,2025-11-15,36,27,0.0,val,4,0.000112718116314
S20001,29,22,2025-11-15,34,26,0.0,val,4,0.0001028940004666
S20008,29,5,2025-11-15,43,31,0.0,val,4,0.0001692740215728
S20016,29,12,2025-11-15,65,22,0.0,val,4,0.00036975872604
S20537,29,19,2025-11-15,61,18,0.0,val,4,0.000123626491982
S21146,29,1,2025-11-15,27,22,0.0,val,4,0.0001286417820191
S21147,29,22,2025-11-15,55,23,0.0,val,4,0.0001120769725547
S21150,29,17,2025-11-15,45,20,0.0,val,4,0.0001678278965618
S21158,29,18,2025-11-15,28,25,0.0,val,4,0.0001288179542795
S21161,29,7,2025-11-15,31,22,0.0,val,4,0.0001652062754422
S21172,29,19,2025-11-15,37,29,0.0,val,4,0.0001113261563898
S21696,29,24,2025-11-15,62,17,0.0,val,4,0.0003771901604577
S21758,29,25,2025-11-15,21,19,0.0,val,4,0.0001509031217097
S21766,29,19,2025-11-15,37,18,0.0,val,4,0.0001221426155075
S22365,29,6,2025-11-15,29,22,0.0,val,4,0.0001058826887714
S22708,29,10,2025-11-15,24,22,0.0,val,4,0.0001222545100075
S22711,29,10,2025-11-15,35,23,0.0,val,4,0.0001154613722654
S22715,29,16,2025-11-15,58,19,0.0,val,4,0.0001154001977188
S22931,29,25,2025-11-15,49,30,0.0,val,4,0.0001897546161084
S22934,29,7,2025-11-15,48,21,0.0,val,4,0.0001324968241069
S22936,29,12,2025-11-15,39,13,0.0,val,4,0.0001798703889715
S23109,29,7,2025-11-15,46,11,0.0,val,4,0.0008344560056152
S23341,29,19,2025-11-15,24,23,0.0,val,4,9.50795261221698e-05
S23344,29,18,2025-11-15,39,28,0.0,val,4,0.0001328114539123
S23428,29,25,2025-11-15,38,32,0.0,val,4,0.0008263405332028
S23431,29,6,2025-11-15,44,32,0.0,val,4,0.0008491667675469
S23548,29,16,2025-11-15,61,24,0.0,val,4,0.000122471759045
S23551,29,11,2025-11-15,21,24,0.0,val,4,0.0001260731149852
S23553,29,10,2025-11-15,23,18,0.0,val,4,0.0001137465231977
S23554,29,11,2025-11-15,27,16,0.0,val,4,0.0001150241339167
S23947,29,17,2025-11-15,48,27,0.0,val,4,0.0001893823992734
S23953,29,18,2025-11-15,22,23,0.0,val,4,0.0001231466148811
S23954,29,20,2025-11-15,36,17,0.0,val,4,9.944758355675576e-05
S23963,29,16,2025-11-15,49,29,0.0,val,4,0.000123175731526
S23966,29,5,2025-11-15,57,18,0.0,val,4,0.0001189544801607
S24337,29,18,2025-11-15,60,17,0.0,val,4,0.0002862164312512
S24341,29,24,2025-11-15,20,16,0.0,val,4,0.0001591941247921
S24381,29,10,2025-11-15,29,19,0.0,val,4,0.0001181981478029
S24387,29,16,2025-11-15,33,21,0.0,val,4,0.0001067920354267
S24393,29,22,2025-11-15,45,13,0.0,val,4,0.0001305049455319
S24504,29,10,2025-11-15,32,25,0.0,val,4,0.0001247596985522
S24618,29,2,2025-11-15,50,29,0.0,val,4,0.0001674749462645
S24619,29,4,2025-11-15,48,29,0.0020610946610598,val,4,0.0001111200648206
S24621,29,8,2025-11-15,30,19,0.0,val,4,0.0001246796291724
S24704,29,18,2025-11-15,20,29,0.0,val,4,0.0008146882557037
S24707,29,6,2025-11-15,27,12,0.0020975774457668,val,4,0.0008797195661043
S24709,29,19,2025-11-15,59,28,0.0,val,4,0.0008485385906392
S25042,29,18,2025-11-15,22,21,0.0,val,4,0.0001333128767333
S25053,29,7,2025-11-15,62,27,0.0,val,4,0.0008045851544349
S25164,29,11,2025-11-15,37,22,0.0,val,4,0.0001007763514102
S25167,29,16,2025-11-15,35,24,0.0,val,4,0.0001065117854439
S25171,29,4,2025-11-15,64,22,0.0,val,4,0.000135220843285
S25177,29,20,2025-11-15,34,25,0.0,val,4,0.0001176518272984
S25322,29,11,2025-11-15,32,18,0.0,val,4,0.0001264970417671
S25323,29,5,2025-11-15,37,20,0.0,val,4,0.0001042236428004
S25846,29,23,2025-11-15,42,15,0.0,val,4,0.0001175680399962
S25847,29,23,2025-11-15,32,16,0.0,val,4,0.0001046199589253
S25856,29,1,2025-11-15,51,21,0.0,val,4,0.0001327462421694
S25857,29,2,2025-11-15,39,19,0.0,val,4,0.0001279173410102
S25859,29,7,2025-11-15,15,22,0.0,val,4,0.000208113638268
S25866,29,8,2025-11-15,55,16,0.0,val,4,0.0001317104048367
S26205,29,8,2025-11-15,52,13,0.0,val,4,0.000167737754362
S26209,29,10,2025-11-15,49,19,0.0,val,4,0.0001203646310505
S26212,29,13,2025-11-15,39,24,0.0,val,4,0.0001613717259924
S26213,29,16,2025-11-15,47,15,0.0,val,4,0.000140304327691
S26221,29,4,2025-11-15,61,24,0.0,val,4,0.0001831244670406
S26244,29,18,2025-11-15,28,27,0.0,val,4,0.0001394995249596
S26346,29,19,2025-11-15,48,16,0.0,val,4,0.0001160778369095
S26359,29,16,2025-11-15,28,30,0.0,val,4,0.0001240596490411
S26362,29,8,2025-11-15,47,31,0.0,val,4,0.0001479919474729
S27312,29,22,2025-11-15,56,26,0.0,val,4,0.0001149986146657
S27313,29,1,2025-11-15,29,26,0.0,val,4,0.0001251632455171
S27556,29,18,2025-11-15,18,18,0.0,val,4,0.0001865320707653
S27561,29,24,2025-11-15,30,23,0.0,val,4,0.0001278947119835
S27563,29,23,2025-11-15,31,24,0.0,val,4,9.589177070002648e-05
S27570,29,1,2025-11-15,25,23,0.0,val,4,0.0001402989578296
S27572,29,4,2025-11-15,45,12,0.0,val,4,0.0001253730718329
S27583,29,13,2025-11-15,47,18,0.0,val,4,0.0001229508812517
S28181,29,18,2025-11-15,54,23,0.0,val,4,0.0001352491150762
S28184,29,24,2025-11-15,45,30,0.0,val,4,0.0001708931475809
S28189,29,6,2025-11-15,52,30,0.0,val,4,0.0001265345531462
S28227,29,4,2025-11-15,38,17,0.0,val,4,9.387315011587352e-05
S28234,29,20,2025-11-15,46,25,0.0,val,4,0.0001158507938654
S28239,29,17,2025-11-15,35,22,0.0,val,4,0.0001776981364254
S28575,29,19,2025-11-15,28,18,0.0,val,4,9.33174325260907e-05
S28577,29,20,2025-11-15,33,30,0.0,val,4,0.0001206764711299
S28578,29,19,2025-11-15,49,18,0.0,val,4,9.698718915025592e-05
S28608,29,8,2025-11-15,20,15,0.0,val,4,0.0001630747542356
S28874,29,14,2025-11-15,31,22,0.0,val,4,0.0001048854671288
S29058,29,8,2025-11-15,56,26,0.0,val,4,0.0001382263257004
S29060,29,16,2025-11-15,18,24,0.0,val,4,0.0001252123998377
S29065,29,22,2025-11-15,52,29,0.0,val,4,0.0001294002653055
S29066,29,24,2025-11-15,36,17,0.0,val,4,0.0001302596063745
S29243,29,22,2025-11-15,40,32,0.0115943246130948,val,4,0.0008509026902567
S29245,29,16,2025-11-15,17,16,0.0203270516512571,val,4,0.0008349953759351
S29246,29,10,2025-11-15,43,32,0.007122639819426,val,4,0.000805346565078
S29330,29,23,2025-11-15,26,26,0.0,val,4,0.0001010491929463
S29543,29,13,2025-11-15,23,22,0.0,val,4,0.0001729818371315
S29544,29,6,2025-11-15,61,22,0.0,val,4,0.0001289214374084
S29545,29,14,2025-11-15,56,14,0.0,val,4,0.0001233602925927
S30148,29,23,2025-11-15,19,19,0.0,val,4,0.0001128608894143
S30157,29,25,2025-11-15,32,26,0.0,val,4,0.0001393919836234
S30159,29,7,2025-11-15,57,15,0.0,val,4,0.0001903103513171
S30259,29,6,2025-11-15,17,16,0.0,val,4,0.0008775069404193
S30966,29,20,2025-11-15,28,27,0.0,val,4,0.0001175718253963
S30983,29,1,2025-11-15,54,22,0.0,val,4,0.0001271492587642
S30985,29,6,2025-11-15,23,21,0.0,val,4,0.0001254676752677
S30989,29,11,2025-11-15,28,14,0.0,val,4,0.000118231727289
S30993,29,14,2025-11-15,54,17,0.0,val,4,0.0001227347983304
S31340,29,12,2025-11-15,54,14,0.0,val,4,0.0002040579582411
S31346,29,12,2025-11-15,39,19,0.0,val,4,0.0001792091614519
S31357,29,23,2025-11-15,23,19,0.0,val,4,0.0001030770920019
S31662,29,19,2025-11-15,47,22,0.0,val,4,9.668148585381378e-05
S31774,29,18,2025-11-15,29,20,0.0,val,4,0.0001502632663597
S32155,29,7,2025-11-15,53,31,0.0,val,4,0.0008210074411439
S32212,29,2,2025-11-15,29,12,0.0,val,4,0.0008330128492022
S32408,29,1,2025-11-15,27,13,0.0,val,4,0.000134777173066
S32409,29,4,2025-11-15,20,18,0.0,val,4,0.0001070555748424
S32414,29,20,2025-11-15,22,25,0.0,val,4,0.000136228136233
S32833,29,4,2025-11-15,59,15,0.0,val,4,0.0008212462072011
S33011,29,18,2025-11-15,24,25,0.0,val,4,0.0001482280623998
S33012,29,18,2025-11-15,36,15,0.0,val,4,0.0001322922378162
S33016,29,25,2025-11-15,45,16,0.0,val,4,0.0001274061689547
S33023,29,10,2025-11-15,51,28,0.0,val,4,0.0001188017426223
S33024,29,12,2025-11-15,34,16,0.0,val,4,0.0001503880355808
S33474,29,18,2025-11-15,17,16,0.0,val,4,0.0008027799005032
S33475,29,8,2025-11-15,53,13,0.0,val,4,0.0007787608571688
S33557,29,19,2025-11-15,44,28,0.0,val,4,0.0001079678531791
S33669,29,25,2025-11-15,36,30,0.0,val,4,0.0001618856649824
S33776,29,6,2025-11-15,30,15,0.0,val,4,0.0001173566895019
S33920,29,18,2025-11-15,54,21,0.0,val,4,0.0001443002039367
S34426,29,19,2025-11-15,56,17,0.0,val,4,0.0001093442255015
S34488,29,12,2025-11-15,38,32,0.0,val,4,0.0008059703237281
S34602,29,22,2025-11-15,52,24,0.0,val,4,0.0001197216681761
S34607,29,4,2025-11-15,42,22,0.0,val,4,0.000117934364604
S34610,29,7,2025-11-15,21,27,0.0,val,4,0.0002089905425239
S34613,29,5,2025-11-15,33,22,0.0,val,4,0.0001137387821786
S34866,29,11,2025-11-15,29,24,0.0,val,4,0.0001245684297811
S34868,29,16,2025-11-15,57,19,0.0,val,4,0.0001174275177452
S34878,29,14,2025-11-15,43,15,0.0,val,4,0.000109057798967
S34884,29,6,2025-11-15,37,22,0.0,val,4,0.0001383963086782
S34885,29,2,2025-11-15,55,26,0.0,val,4,0.0001493811807345
S34887,29,1,2025-11-15,43,19,0.0,val,4,0.0001178109591754
S34891,29,2,2025-11-15,16,22,0.0,val,4,0.0003150658931299
S34893,29,5,2025-11-15,61,25,0.0,val,4,0.0001413237827009
S34894,29,4,2025-11-15,44,26,0.0,val,4,0.0001694116075277
S35324,29,19,2025-11-15,19,15,0.0,val,4,0.0008356753024936
S35526,29,18,2025-11-15,32,27,0.0,val,4,0.0001194240938392
S36009,29,5,2025-11-15,32,11,0.0,val,4,0.0008761507511924
S36017,29,12,2025-11-15,44,18,0.0,val,4,0.0001694188187498
S36021,29,14,2025-11-15,53,26,0.0,val,4,0.0001162335550412
S36048,29,18,2025-11-15,42,23,0.0,val,4,0.0001367377893614
S36049,29,22,2025-11-15,22,17,0.0,val,4,0.0001113620869926
S36053,29,20,2025-11-15,30,25,0.0,val,4,0.0001089765574649
S36069,29,19,2025-11-15,27,16,0.0,val,4,0.0001038537224141
S36124,29,1,2025-11-15,45,26,0.0,val,4,0.0001245826846765
S36137,29,25,2025-11-15,21,15,0.0,val,4,0.0001697449648248
S36383,29,1,2025-11-15,43,20,0.0,val,4,0.000113960875635
S36386,29,18,2025-11-15,34,19,0.0,val,4,0.0001405276425991
S36400,29,24,2025-11-15,51,20,0.0,val,4,0.0001347723110308
S36401,29,25,2025-11-15,36,31,0.0,val,4,0.0001842502318292
S36406,29,7,2025-11-15,21,25,0.0,val,4,0.0002030224161455
S36407,29,6,2025-11-15,41,29,0.0,val,4,0.0001286755908676
S36415,29,13,2025-11-15,65,20,0.0,val,4,0.0003656892893284
S36417,29,16,2025-11-15,42,12,0.0,val,4,0.000124211269844
S36423,29,11,2025-11-15,37,14,0.0,val,4,0.0001281156219461
S36427,29,8,2025-11-15,32,31,0.0,val,4,0.0001652209956142
S36438,29,24,2025-11-15,19,18,0.0,val,4,0.0001767633917321
S36879,29,11,2025-11-15,42,11,0.0,val,4,0.0008290063338623
S36912,29,23,2025-11-15,37,27,0.0,val,4,0.000109086812998
S37040,29,23,2025-11-15,41,21,0.0,val,4,0.0001012039696291
S37041,29,22,2025-11-15,45,30,0.0,val,4,0.0001312557002841
S37042,29,22,2025-11-15,44,18,0.0,val,4,0.0001359337365038
S37391,29,16,2025-11-15,41,19,0.0,val,4,0.0001025466003933
S37415,29,20,2025-11-15,41,26,0.0,val,4,0.0001544635880332
S37829,29,1,2025-11-15,38,11,0.0,val,4,0.0008345114006987
S38125,29,16,2025-11-15,37,11,0.0055828425879901,val,4,0.000850575672597
S38543,29,5,2025-11-15,33,30,0.0,val,4,0.0001171604798193
S38544,29,7,2025-11-15,36,25,0.0,val,4,0.000145960642092
S39004,29,24,2025-11-15,43,14,0.0,val,4,0.0001374675791939
S39005,29,2,2025-11-15,52,20,0.0,val,4,0.0002136826977799
S39009,29,8,2025-11-15,36,13,0.0,val,4,0.0001359209696187
S39021,29,25,2025-11-15,15,21,0.0,val,4,0.0001871148780424
S39095,29,24,2025-11-15,43,19,0.0,val,4,0.0001274829812751
S39096,29,24,2025-11-15,53,17,0.0,val,4,0.0001409868286378
S39097,29,19,2025-11-15,29,29,0.0,val,4,9.976503719850456e-05
S39098,29,18,2025-11-15,43,18,0.0,val,4,0.0001475580895573
S39560,29,25,2025-11-15,24,26,0.0,val,4,0.0001586099512123
S39564,29,12,2025-11-15,42,16,0.0,val,4,0.0001466683889068
S39568,29,4,2025-11-15,22,19,0.0,val,4,0.0001622215704124
S39573,29,23,2025-11-15,49,21,0.0,val,4,0.0001126563438424
S39598,29,18,2025-11-15,28,29,0.0,val,4,0.0001537363563482
S40703,29,17,2025-11-15,59,17,0.0,val,4,0.0002415296428426
S40882,29,6,2025-11-15,39,32,0.0,val,4,0.0007885372714312
S40883,29,13,2025-11-15,18,15,0.0021101614676873,val,4,0.0005361052847246
S40924,29,11,2025-11-15,26,26,0.0,val,4,0.0001371764719484
S40932,29,5,2025-11-15,41,30,0.0,val,4,0.0001439770767131
S41076,29,23,2025-11-15,29,14,0.0,val,4,0.0001070012482902
S41077,29,23,2025-11-15,52,28,0.0,val,4,0.0001212537692532
S41330,29,6,2025-11-15,58,14,0.0053718115002161,val,4,0.0008794108278461
S41333,29,24,2025-11-15,54,30,0.0,val,4,0.0008212836328178
S41362,29,12,2025-11-15,41,25,0.0,val,4,0.0001425993292891
S41367,29,16,2025-11-15,58,21,0.0,val,4,0.0001109149905618
S41510,29,4,2025-11-15,21,20,0.0,val,4,0.0001157508566173
S41511,29,5,2025-11-15,28,28,0.0035580946653637,val,4,0.0001198449968226
S41706,29,7,2025-11-15,31,31,0.0024002704530087,val,4,0.0007656671118427
S41709,29,10,2025-11-15,24,30,0.0,val,4,0.000852023643592
S42316,29,23,2025-11-15,46,32,0.0,val,4,0.0008695942221019
S42321,29,6,2025-11-15,46,31,0.0,val,4,0.0001778555007446
S42322,29,14,2025-11-15,24,30,0.0044047631708622,val,4,0.0007956678556882
S42342,29,24,2025-11-15,33,25,0.0,val,4,0.0001243872395467
S42345,29,10,2025-11-15,45,24,0.0,val,4,0.0002221907869687
S42397,29,2,2025-11-15,17,17,0.0,val,4,0.0002649769476771
S42536,29,11,2025-11-15,47,29,0.0,val,4,0.000116627352295
S42540,29,17,2025-11-15,33,26,0.0,val,4,0.0001897522068435
S42574,29,25,2025-11-15,23,20,0.0,val,4,0.0001499908614781
S42585,29,19,2025-11-15,50,26,0.0,val,4,0.0001148331386894
S42964,29,19,2025-11-15,63,25,0.0,val,4,0.0001180765347912
S42966,29,24,2025-11-15,45,16,0.0,val,4,0.0001245256528188
S42971,29,22,2025-11-15,14,22,0.0,val,4,0.0001294284354283
S42972,29,1,2025-11-15,28,29,0.0,val,4,0.0001333352311968
S42973,29,8,2025-11-15,50,30,0.0,val,4,0.0001672320737504
S42985,29,11,2025-11-15,62,17,0.0,val,4,0.0001262575868543
S42986,29,13,2025-11-15,30,26,0.0,val,4,0.0001474381243799
S42987,29,8,2025-11-15,18,23,0.0,val,4,0.0001335386166933
