feature,lgbm_gain,et_impurity,enet_abs_coef,lgbm_weak,et_weak,enet_zero,lgbm_rank,et_rank,enet_rank
X5,11.6,0.0015293094086949,0.0,False,False,True,337.5,375.0,296.5
X6,7.4,0.001300200922742,0.0,False,False,True,424.5,531.0,296.5
X7,15.4,0.0013117283511824,0.0,False,False,True,284.5,526.0,296.5
X11,6.8,0.0014117945181367,0.0,False,False,True,441.5,461.0,296.5
X13,20.4,0.001636695086779,0.0,False,False,True,217.0,297.0,296.5
X14,10.0,0.0012406114396399,0.0,False,True,True,369.5,551.0,296.5
X16,27.2,0.0017103984843796,0.0,False,False,True,140.0,250.0,296.5
X18,19.8,0.0016969605031287,0.0,False,False,True,223.0,257.0,296.5
X19,52.6,0.0016646528098895,0.0,False,False,True,43.0,284.0,296.5
X20,17.0,0.0015041021677105,0.0,False,False,True,264.5,388.0,296.5
X27,30.4,0.0016792255984945,0.0,False,False,True,117.5,273.0,296.5
X28,27.4,0.0018128414480519,0.0,False,False,True,138.0,186.0,296.5
X29,33.8,0.0019397186162979,0.0,False,False,True,101.0,121.0,296.5
X30,15.8,0.0013943053014259,0.0,False,False,True,280.0,475.0,296.5
X34,23.2,0.0015610009466532,0.0,False,False,True,178.0,347.0,296.5
X35,10.2,0.0017745902448527,0.0,False,False,True,364.0,203.0,296.5
X36,25.4,0.0016020843357422,0.0,False,False,True,156.0,315.0,296.5
X38,12.0,0.001535944425889,0.0,False,False,True,331.5,372.0,296.5
X40,24.4,0.0013979370724361,0.0,False,False,True,165.5,472.0,296.5
X41,42.6,0.0015876610290247,0.0,False,False,True,63.0,328.0,296.5
X42,25.2,0.001496123297237,0.0,False,False,True,157.5,396.0,296.5
X45,27.0,0.0013597821256051,0.0,False,False,True,142.0,494.0,296.5
X46,34.6,0.0017708326480169,0.0,False,False,True,97.5,208.0,296.5
X47,10.6,0.0016024152366296,0.0,False,False,True,353.5,314.0,296.5
X48,38.4,0.002392111571454,0.0,False,False,True,78.0,47.0,296.5
X53,20.8,0.0020352218165663,0.0,False,False,True,208.5,98.0,296.5
X54,18.6,0.0014955227371257,0.0,False,False,True,242.0,397.0,296.5
X55,13.2,0.00178241114231,0.0,False,False,True,316.0,198.0,296.5
X56,20.6,0.0013509514298966,0.0,False,False,True,213.0,497.0,296.5
X57,15.0,0.0015135117392899,0.0,False,False,True,289.5,385.0,296.5
X58,21.2,0.001342255754484,0.0,False,False,True,200.5,505.0,296.5
X59,27.6,0.0016509906065088,0.0,False,False,True,137.0,288.0,296.5
X60,29.2,0.001414440841431,0.0,False,False,True,126.0,460.0,296.5
X61,11.4,0.0013825057253354,0.0,False,False,True,343.5,482.0,296.5
X62,14.0,0.0014947182401685,0.0,False,False,True,304.5,399.0,296.5
X63,12.2,0.0014752300216361,0.0,False,False,True,329.0,413.0,296.5
X64,29.0,0.0017274778163546,0.0,False,False,True,128.0,237.0,296.5
X65,20.6,0.0014399257983592,0.0,False,False,True,213.0,441.0,296.5
X66,17.0,0.00162163638101,0.0,False,False,True,264.5,304.0,296.5
X67,24.0,0.0017899611039936,0.0,False,False,True,169.0,193.0,296.5
X69,42.0,0.0015528840764177,0.0,False,False,True,65.0,355.0,296.5
X70,11.0,0.0017197559003179,0.0,False,False,True,348.0,240.0,296.5
X73,16.8,0.0015369636142312,0.0,False,False,True,269.5,371.0,296.5
X74,14.4,0.0013886698804375,0.0,False,False,True,297.0,480.0,296.5
X75,31.4,0.0018174395361899,0.0,False,False,True,113.5,181.0,296.5
X76,14.0,0.0012989423537381,0.0,False,True,True,304.5,533.0,296.5
X77,18.0,0.0017611323822645,0.0,False,False,True,251.5,213.0,296.5
X78,16.0,0.0016398278291736,0.0,False,False,True,276.5,293.0,296.5
X79,41.4,0.0018889229365367,0.0,False,False,True,67.5,142.0,296.5
X80,18.0,0.0014700719232076,0.0,False,False,True,251.5,418.0,296.5
X81,17.2,0.0017892457679379,0.0,False,False,True,260.0,194.0,296.5
X82,18.8,0.0014807469413965,0.0,False,False,True,238.0,409.0,296.5
X83,13.6,0.0017617201782564,0.0,False,False,True,311.0,212.0,296.5
X85,42.4,0.0016011775343286,0.0,False,False,True,64.0,317.0,296.5
X95,31.6,0.0016035674120808,0.0,False,False,True,111.5,313.0,296.5
X104,4.6,0.0013981739923712,0.0,False,False,True,474.0,471.0,296.5
X105,2.6,0.001524907946897,0.0,False,False,True,501.5,380.0,296.5
X110,32.2,0.0023432993332734,0.0,False,False,True,108.0,50.0,296.5
X111,2.8,0.0014976917471356,0.0,False,False,True,498.0,394.0,296.5
X112,5.2,0.0015407228100476,0.0,False,False,True,466.5,367.0,296.5
X113,18.8,0.0012559530653964,0.0,False,True,True,238.0,545.0,296.5
X116,19.4,0.0017773527915479,0.0,False,False,True,229.0,200.0,296.5
X117,22.0,0.0015598787740323,0.0,False,False,True,189.5,349.0,296.5
X120,14.6,0.0015801125628626,0.0,False,False,True,295.0,331.0,296.5
X121,18.4,0.0016823274308815,0.0,False,False,True,245.5,270.0,296.5
X122,15.0,0.0016844331252499,0.0,False,False,True,289.5,268.0,296.5
X123,13.2,0.0013906435880327,0.0,False,False,True,316.0,478.0,296.5
X125,20.6,0.001785350552481,0.0,False,False,True,213.0,195.0,296.5
X126,20.0,0.0014281374271345,0.0,False,False,True,220.0,446.0,296.5
X127,25.0,0.0016328827831493,0.0,False,False,True,159.5,301.0,296.5
X128,21.0,0.0014006355735651,0.0,False,False,True,204.5,468.0,296.5
X130,14.2,0.0014153365632595,0.0,False,False,True,300.5,458.0,296.5
X132,9.0,0.0014399417326477,0.0,False,False,True,392.0,440.0,296.5
X145,13.8,0.0012158074788042,0.0,False,True,True,307.5,555.0,296.5
X146,20.6,0.0011971380307371,0.0,False,True,True,213.0,560.0,296.5
X150,13.6,0.0014699396180615,0.0,False,False,True,311.0,419.0,296.5
X154,18.4,0.0014843350385962,0.0,False,False,True,245.5,405.0,296.5
X155,38.4,0.0018626380765375,0.0,False,False,True,78.0,147.0,296.5
X160,19.8,0.0013756799241155,0.0,False,False,True,223.0,487.0,296.5
X161,24.6,0.0014647545996454,0.0,False,False,True,162.5,424.0,296.5
X165,30.4,0.0016850095089336,0.0,False,False,True,117.5,267.0,296.5
X166,27.2,0.0015642490563354,0.0,False,False,True,140.0,345.0,296.5
X170,22.4,0.0016914269356638,0.0,False,False,True,184.5,263.0,296.5
X173,20.0,0.0014832614288521,0.0,False,False,True,220.0,406.0,296.5
X177,19.2,0.0013697464446072,0.0,False,False,True,231.5,489.0,296.5
X180,7.2,0.0013042587880965,0.0,False,False,True,431.5,528.0,296.5
X183,23.2,0.0015483770099135,0.0,False,False,True,178.0,359.0,296.5
X184,22.0,0.0014652169144571,0.0,False,False,True,189.5,423.0,296.5
X185,36.8,0.0014248505593576,0.0,False,False,True,84.5,449.0,296.5
X190,38.4,0.0016346286345289,0.0,False,False,True,78.0,299.0,296.5
X191,18.6,0.0017500352567854,0.0,False,False,True,242.0,222.0,296.5
X193,37.2,0.0015384974449081,0.0,False,False,True,83.0,370.0,296.5
X196,19.0,0.001589725848859,0.0,False,False,True,234.0,325.0,296.5
X198,21.4,0.0014766042211667,0.0,False,False,True,196.0,411.0,296.5
X199,15.2,0.001477654912762,0.0,False,False,True,286.5,410.0,296.5
X201,21.8,0.0014447315484147,0.0,False,False,True,192.0,437.0,296.5
X203,24.8,0.001541220818946,0.0,False,False,True,161.0,366.0,296.5
X207,28.6,0.0014409309703698,0.0,False,False,True,129.0,438.0,296.5
X209,23.2,0.0014077036227499,0.0,False,False,True,178.0,463.0,296.5
X210,25.8,0.0015218212703466,0.0,False,False,True,152.5,382.0,296.5
X213,12.0,0.0014330613455614,0.0,False,False,True,331.5,445.0,296.5
X214,21.0,0.00132789301039,0.0,False,False,True,204.5,513.0,296.5
X240,43.6,0.0016919003472474,0.0,False,False,True,60.0,262.0,296.5
X243,50.8,0.0016719883855483,0.0,False,False,True,47.0,281.0,296.5
X250,36.6,0.0014346676705122,0.0,False,False,True,87.0,444.0,296.5
X260,9.2,0.00171473785111,0.0,False,False,True,387.5,246.0,296.5
X262,17.4,0.0017139508419603,0.0,False,False,True,258.0,248.0,296.5
X264,29.4,0.0015513598918106,0.0,False,False,True,124.0,358.0,296.5
X265,33.2,0.0014967368040445,0.0,False,False,True,103.5,395.0,296.5
X266,20.8,0.0014951426391117,0.0,False,False,True,208.5,398.0,296.5
X268,36.6,0.001471528989399,0.0,False,False,True,87.0,416.0,296.5
X269,17.0,0.0019199108643773,0.0,False,False,True,264.5,125.0,296.5
X271,14.2,0.0016494285098206,0.0,False,False,True,300.5,290.0,296.5
X275,9.8,0.0013690417501738,0.0,False,False,True,373.5,491.0,296.5
X279,6.8,0.0017179339562518,0.0,False,False,True,441.5,242.0,296.5
X284,9.4,0.0014407343788892,0.0,False,False,True,382.5,439.0,296.5
X292,28.0,0.0016891620751115,0.0,False,False,True,133.0,264.0,296.5
X293,31.6,0.0021032770863754,0.0,False,False,True,111.5,79.0,296.5
X294,33.4,0.0021092181286118,0.0,False,False,True,102.0,78.0,296.5
X295,40.6,0.001925621216702,0.0,False,False,True,71.0,123.0,296.5
X302,2.0,0.0017706793882163,0.0,False,False,True,511.0,209.0,296.5
X305,24.4,0.0015103523283273,0.0,False,False,True,165.5,386.0,296.5
X314,34.0,0.00190730809947,0.0,False,False,True,100.0,135.0,296.5
X317,28.0,0.0016765168374104,0.0,False,False,True,133.0,275.0,296.5
X318,13.0,0.0021004794047619,0.0,False,False,True,319.5,81.0,296.5
X319,14.8,0.0016724319870498,0.0,False,False,True,293.0,279.0,296.5
X320,21.8,0.0017200426469867,0.0,False,False,True,192.0,239.0,296.5
X329,16.8,0.0019138697570452,0.0,False,False,True,269.5,129.0,296.5
X330,24.4,0.001267428814602,0.0,False,True,True,165.5,540.0,296.5
X332,1.0,0.0024680229622514,0.0,False,False,True,530.5,36.0,296.5
X335,6.0,0.0018189055759311,0.0,False,False,True,456.0,179.0,296.5
X336,8.6,0.0016105995902928,0.0,False,False,True,403.5,310.0,296.5
X337,40.8,0.0012566017691266,0.0,False,True,True,69.5,544.0,296.5
X340,18.4,0.0021009116837187,0.0,False,False,True,245.5,80.0,296.5
X342,25.6,0.0024673500056884,0.0,False,False,True,154.5,37.0,296.5
X344,6.0,0.0016504088720714,0.0,False,False,True,456.0,289.0,296.5
X346,14.4,0.0018778317286966,0.0,False,False,True,297.0,144.0,296.5
X348,6.6,0.0022047386603368,0.0,False,False,True,446.5,68.0,296.5
X355,56.8,0.0022750093228249,0.0,False,False,True,37.5,56.0,296.5
X364,1.2,0.0010845655182086,0.0,False,True,True,525.5,566.0,296.5
X365,13.6,0.0022459906648376,0.0,False,False,True,311.0,60.0,296.5
X366,0.0,0.0009580383330543,0.0,True,True,True,575.5,569.0,296.5
X367,0.0,0.0007521768075288,0.0,True,True,True,575.5,574.0,296.5
X368,0.0,0.0004763680640275,0.0,True,True,True,575.5,577.0,296.5
X369,0.0,0.0008139249790305,0.0,True,True,True,575.5,573.0,296.5
X373,0.0,0.0012850749622624,0.0,True,True,True,575.5,538.0,296.5
X374,0.0,0.0,0.0,True,True,True,575.5,585.5,296.5
X375,0.0,0.0,0.0,True,True,True,575.5,585.5,296.5
X376,10.2,0.0022082340082225,0.0,False,False,True,364.0,66.0,296.5
X379,3.0,0.001910700385126,0.0,False,False,True,494.5,132.0,296.5
X380,5.2,0.001437366745052,0.0,False,False,True,466.5,442.0,296.5
X384,0.0,0.0,0.0,True,True,True,575.5,585.5,296.5
X385,2.4,0.0015778873188394,0.0,False,False,True,505.0,333.0,296.5
X386,0.0,0.0020726224968267,0.0,True,False,True,575.5,86.0,296.5
X387,0.6,0.0020625878390645,0.0,True,False,True,540.5,92.0,296.5
X388,1.2,0.0019940811568682,0.0,False,False,True,525.5,105.0,296.5
X389,9.4,0.0021728552888013,0.0,False,False,True,382.5,71.0,296.5
X390,7.0,0.0020643078862354,0.0,False,False,True,436.5,91.0,296.5
X391,17.0,0.0017549340823895,0.0,False,False,True,264.5,217.0,296.5
X392,11.6,0.0017753203910676,0.0,False,False,True,337.5,202.0,296.5
X393,8.6,0.0020840316278466,0.0,False,False,True,403.5,84.0,296.5
X394,14.8,0.0017677384542632,0.0,False,False,True,293.0,210.0,296.5
X395,7.6,0.0017091292668471,0.0,False,False,True,419.5,252.0,296.5
X396,14.2,0.0020620864470913,0.0,False,False,True,300.5,93.0,296.5
X397,19.0,0.0024764518697435,0.0,False,False,True,234.0,35.0,296.5
X398,9.8,0.0026084908368957,0.0,False,False,True,373.5,30.0,296.5
X399,9.8,0.0024149488315511,0.0,False,False,True,373.5,43.0,296.5
X400,56.2,0.0027096446131925,0.0,False,False,True,39.5,25.0,296.5
X403,11.6,0.0017473385052529,0.0,False,False,True,337.5,224.0,296.5
X405,12.2,0.0021654237124569,0.0,False,False,True,329.0,73.0,296.5
X406,5.2,0.0015563901817927,0.0,False,False,True,466.5,353.0,296.5
X407,10.0,0.001733718853836,0.0,False,False,True,369.5,235.0,296.5
X409,25.6,0.0018038143080645,0.0,False,False,True,154.5,189.0,296.5
X411,28.0,0.0020152254497444,0.0,False,False,True,133.0,102.0,296.5
X415,21.4,0.001761055128827,0.0,False,False,True,196.0,214.0,296.5
X418,5.0,0.001993114957772,0.0,False,False,True,471.0,106.0,296.5
X420,12.6,0.0017404657721935,0.0,False,False,True,324.0,229.0,296.5
X425,2.6,0.0013388750610465,0.0,False,False,True,501.5,509.0,296.5
X428,3.4,0.0013475467015127,0.0,False,False,True,488.5,498.0,296.5
X429,6.2,0.0014485307179479,0.0,False,False,True,452.5,435.0,296.5
X430,4.8,0.0016373101129559,0.0,False,False,True,473.0,296.0,296.5
X431,8.6,0.0014860019349203,0.0,False,False,True,403.5,404.0,296.5
X432,3.2,0.0013019648488811,0.0,False,False,True,491.0,530.0,296.5
X433,5.8,0.0018960368813751,0.0,False,False,True,458.5,140.0,296.5
X434,6.4,0.0015755489825712,0.0,False,False,True,449.0,336.0,296.5
X435,0.8,0.0014072858637503,0.0,True,False,True,534.5,464.0,296.5
X441,7.2,0.0012110839967635,0.0,False,True,True,431.5,556.0,296.5
X442,5.8,0.0014458403338125,0.0,False,False,True,458.5,436.0,296.5
X445,7.4,0.0017160705105944,0.0,False,False,True,424.5,244.0,296.5
X446,7.4,0.00157314202111,0.0,False,False,True,424.5,338.0,296.5
X450,10.6,0.0017504654936607,0.0,False,False,True,353.5,221.0,296.5
X453,7.2,0.0015285277403083,0.0,False,False,True,431.5,376.0,296.5
X454,8.8,0.0019075918308489,0.0,False,False,True,397.0,134.0,296.5
X461,6.2,0.001820714071221,0.0,False,False,True,452.5,174.0,296.5
X462,6.0,0.0016528380855866,0.0,False,False,True,456.0,287.0,296.5
X465,12.2,0.0018064989986998,0.0,False,False,True,329.0,187.0,296.5
X466,1.0,0.0016775417338267,0.0,False,False,True,530.5,274.0,296.5
X467,0.0,0.0,0.0,True,True,True,575.5,585.5,296.5
X468,0.0,0.0,0.0,True,True,True,575.5,585.5,296.5
X469,0.0,0.0,0.0,True,True,True,575.5,585.5,296.5
X470,0.0,0.0,0.0,True,True,True,575.5,585.5,296.5
X471,0.2,0.0013913391323991,0.0,True,False,True,553.5,477.0,296.5
X472,0.2,0.0013158119970834,0.0,True,False,True,553.5,522.0,296.5
X473,4.0,0.0017723314294772,0.0,False,False,True,481.5,206.0,296.5
X474,0.6,0.0013196422130074,0.0,True,False,True,540.5,517.0,296.5
X475,0.0,0.0,0.0,True,True,True,575.5,585.5,296.5
X476,0.0,0.0,0.0,True,True,True,575.5,585.5,296.5
X477,0.0,0.0,0.0,True,True,True,575.5,585.5,296.5
X479,17.6,0.0014259010059388,0.0,False,False,True,256.5,448.0,296.5
X480,18.2,0.0014194887203549,0.0,False,False,True,248.5,451.0,296.5
X481,18.6,0.0018611735644282,0.0,False,False,True,242.0,149.0,296.5
X482,15.2,0.0014048167275959,0.0,False,False,True,286.5,466.0,296.5
X483,19.8,0.0012989467692119,0.0,False,False,True,223.0,532.0,296.5
X484,11.8,0.0014995183420423,0.0,False,False,True,333.0,392.0,296.5
X485,47.2,0.0018965128315027,0.0,False,False,True,57.0,139.0,296.5
X486,24.0,0.0018042240063504,0.0,False,False,True,169.0,188.0,296.5
X495,1.8,0.0015770663910635,0.0,False,False,True,514.5,334.0,296.5
X496,1.4,0.0015729107060816,0.0,False,False,True,520.0,339.0,296.5
X497,2.4,0.0017350772858056,0.0,False,False,True,505.0,233.0,296.5
X498,6.2,0.0026616004591032,0.0,False,False,True,452.5,28.0,296.5
X499,11.6,0.0018487267717254,0.0,False,False,True,337.5,158.0,296.5
X500,4.4,0.0013303767349929,0.0,False,False,True,476.5,512.0,296.5
X501,9.6,0.0013118464918865,0.0,False,False,True,378.0,525.0,296.5
X502,3.4,0.0016665463286458,0.0,False,False,True,488.5,282.0,296.5
X512,0.0,0.0,0.0,True,True,True,575.5,585.5,296.5
X514,0.0,0.0009283559944875,0.0,True,True,True,575.5,571.0,296.5
X548,4.4,0.0017961935029215,0.0,False,False,True,476.5,191.0,296.5
X549,43.0,0.0013901303993895,0.0,False,False,True,61.0,479.0,296.5
X550,48.8,0.0014666676185289,0.0,False,False,True,52.0,421.0,296.5
X557,78.8,0.0018278669498044,0.0,False,False,True,29.0,167.0,296.5
X558,26.4,0.0015678362209773,0.0,False,False,True,147.5,343.0,296.5
X561,29.6,0.0031659387360662,0.0,False,False,True,123.0,13.0,296.5
X562,31.8,0.0020767936277595,0.0,False,False,True,109.5,85.0,296.5
X563,30.0,0.0016950298568237,0.0,False,False,True,120.5,258.0,296.5
X570,8.8,0.0016722012397437,0.0,False,False,True,397.0,280.0,296.5
X571,23.0,0.0016013552605933,0.0,False,False,True,181.5,316.0,296.5
X572,51.2,0.0017998375247237,0.0,False,False,True,46.0,190.0,296.5
X573,54.6,0.0024306227933487,0.0,False,False,True,42.0,40.0,296.5
X574,30.4,0.0019197007967129,0.0,False,False,True,117.5,126.0,296.5
X576,21.8,0.0018129601600946,0.0,False,False,True,192.0,185.0,296.5
X577,19.6,0.001605521229587,0.0,False,False,True,226.0,312.0,296.5
X578,32.4,0.0018230655804473,0.0,False,False,True,106.5,172.0,296.5
X579,10.4,0.00141874661546,0.0,False,False,True,358.5,452.0,296.5
X580,36.6,0.0015162690157812,0.0,False,False,True,87.0,383.0,296.5
X581,21.4,0.0018624410240852,0.0,False,False,True,196.0,148.0,296.5
X582,19.2,0.0017359212222526,0.0,False,False,True,231.5,232.0,296.5
X583,22.4,0.0016755311546161,0.0,False,False,True,184.5,276.0,296.5
X584,22.2,0.0018163694349239,0.0,False,False,True,187.0,182.0,296.5
X585,9.6,0.0012298929144258,0.0,False,True,True,378.0,553.0,296.5
X586,41.4,0.002423225723975,0.0,False,False,True,67.5,41.0,296.5
X587,73.2,0.0022628574806426,0.0,False,False,True,31.0,57.0,296.5
X588,34.2,0.0018349822395148,0.0,False,False,True,99.0,163.0,296.5
X589,47.6,0.0021659773255817,0.0,False,False,True,55.0,72.0,296.5
X590,40.2,0.0019506764326842,0.0,False,False,True,73.0,116.0,296.5
X592,358.6,0.0027488042686925,0.0,False,False,True,2.0,24.0,296.5
X594,175.2,0.0028153806479695,0.0,False,False,True,12.0,22.0,296.5
X595,0.2,0.0013134568342741,0.0,True,False,True,553.5,524.0,296.5
X601,37.8,0.0020313349366423,0.0,False,False,True,81.0,99.0,296.5
X606,24.6,0.0018273178291072,0.0,False,False,True,162.5,168.0,296.5
X608,10.2,0.0020706091966735,0.0,False,False,True,364.0,87.0,296.5
X611,0.2,0.0012421266970631,0.0,True,True,True,553.5,550.0,296.5
X613,15.6,0.0013431727908161,0.0,False,False,True,282.5,502.0,296.5
X630,13.2,0.0032220901049995,0.0,False,False,True,316.0,12.0,296.5
X632,35.8,0.0023312455480692,0.0,False,False,True,92.0,51.0,296.5
X636,0.0,0.0013027705816357,0.0,True,False,True,575.5,529.0,296.5
X637,6.8,0.0022170431924317,0.0,False,False,True,441.5,65.0,296.5
X639,10.8,0.0026988836138018,0.0,False,False,True,349.5,26.0,296.5
X640,0.0,0.0014639158918888,0.0,True,False,True,575.5,425.0,296.5
X641,10.0,0.0023845122129395,0.0,False,False,True,369.5,48.0,296.5
X642,6.8,0.0024000633103696,0.0,False,False,True,441.5,45.0,296.5
X643,6.8,0.0018521277608325,0.0,False,False,True,441.5,156.0,296.5
X644,16.2,0.0022864694484927,0.0,False,False,True,274.0,54.0,296.5
X645,3.6,0.00291241421264,0.0,False,False,True,486.5,19.0,296.5
X646,5.2,0.0020680730151068,0.0,False,False,True,466.5,89.0,296.5
X647,9.2,0.0017816362070502,0.0,False,False,True,387.5,199.0,296.5
X649,29.2,0.0025674826152084,0.0,False,False,True,126.0,31.0,296.5
X650,17.8,0.0023927851258143,0.0,False,False,True,254.5,46.0,296.5
X651,9.0,0.0019668666095593,0.0,False,False,True,392.0,112.0,296.5
X652,15.8,0.0019966153695297,0.0,False,False,True,280.0,104.0,296.5
X654,10.6,0.0013451516040437,0.0,False,False,True,353.5,500.0,296.5
X655,9.4,0.0013171329002257,0.0,False,False,True,382.5,521.0,296.5
X660,40.4,0.0017603919283295,0.0,False,False,True,72.0,215.0,296.5
X661,42.8,0.0014025109463251,0.0,False,False,True,62.0,467.0,296.5
X664,32.6,0.0015390983282823,0.0,False,False,True,105.0,369.0,296.5
X665,22.2,0.0013436897835531,0.0,False,False,True,187.0,501.0,296.5
X667,36.0,0.0015929146014153,0.0,False,False,True,90.5,321.0,296.5
X668,41.8,0.0014278039141398,0.0,False,False,True,66.0,447.0,296.5
X669,18.8,0.0014499023381646,0.0,False,False,True,238.0,434.0,296.5
X670,26.0,0.0014176825395163,0.0,False,False,True,150.0,454.0,296.5
X678,12.4,0.0014186379050432,0.0,False,False,True,326.5,453.0,296.5
X689,21.4,0.0016887712318469,0.0,False,False,True,196.0,265.0,296.5
X690,24.0,0.0015883127615444,0.0,False,False,True,169.0,327.0,296.5
X713,50.0,0.0014818228808055,0.0,False,False,True,48.0,407.0,296.5
X718,151.8,0.0026212648783901,0.0,False,False,True,14.0,29.0,296.5
X719,87.0,0.0018199961122944,0.0,False,False,True,27.0,177.0,296.5
X720,8.4,0.001856098948246,0.0,False,False,True,408.5,150.0,296.5
X721,60.0,0.0015687478555323,0.0,False,False,True,35.0,342.0,296.5
X722,87.4,0.0018371453499644,0.0,False,False,True,26.0,162.0,296.5
X723,76.8,0.0024153344477383,0.0,False,False,True,30.0,42.0,296.5
X724,20.4,0.00324726521182,0.0,False,False,True,217.0,11.0,296.5
X726,141.0,0.0030731276590576,0.0,False,False,True,15.0,14.0,296.5
X727,226.8,0.0033255676457805,0.0,False,False,True,6.0,9.0,296.5
X730,31.4,0.0012604275501509,0.0,False,True,True,113.5,542.0,296.5
X731,38.2,0.0018682131237379,0.0,False,False,True,80.0,146.0,296.5
X732,99.6,0.0025217306659555,0.0,False,False,True,21.0,32.0,296.5
X733,28.4,0.0019467806564006,0.0,False,False,True,130.0,119.0,296.5
X734,19.6,0.0020853553060785,0.0,False,False,True,226.0,83.0,296.5
X735,18.0,0.0012959501400552,0.0,False,True,True,251.5,534.0,296.5
X738,35.0,0.0017159572061841,0.0,False,False,True,95.5,245.0,296.5
X739,12.8,0.0013522872490671,0.0,False,False,True,321.5,496.0,296.5
X744,12.6,0.0013822347985059,0.0,False,False,True,324.0,483.0,296.5
X745,8.8,0.001309693580968,0.0,False,False,True,397.0,527.0,296.5
X746,20.0,0.0015247733427524,0.0,False,False,True,220.0,381.0,296.5
X747,10.4,0.0015945195048248,0.0,False,False,True,358.5,320.0,296.5
X748,8.8,0.0013196153869771,0.0,False,False,True,397.0,518.0,296.5
X749,7.2,0.001170705368719,0.0,False,True,True,431.5,561.0,296.5
X750,16.0,0.0014988171045068,0.0,False,False,True,276.5,393.0,296.5
X751,10.6,0.0016629356101168,0.0,False,False,True,353.5,285.0,296.5
X752,18.0,0.0015027328052246,0.0,False,False,True,251.5,389.0,296.5
X753,20.8,0.0015401642290758,0.0,False,False,True,208.5,368.0,296.5
X754,11.6,0.0012467111725551,0.0,False,True,True,337.5,548.0,296.5
X755,8.0,0.0013402275709963,0.0,False,False,True,414.5,507.0,296.5
X756,18.4,0.0013304383470947,0.0,False,False,True,245.5,511.0,296.5
X757,8.6,0.0012438792317313,0.0,False,True,True,403.5,549.0,296.5
X758,7.2,0.0013944028150733,0.0,False,False,True,431.5,474.0,296.5
X759,9.6,0.0015472547997095,0.0,False,False,True,378.0,361.0,296.5
X760,10.2,0.0014232933914796,0.0,False,False,True,364.0,450.0,296.5
X761,15.8,0.0015157688631498,0.0,False,False,True,280.0,384.0,296.5
X762,8.0,0.001395632911249,0.0,False,False,True,414.5,473.0,296.5
X763,15.6,0.0013523193290113,0.0,False,False,True,282.5,495.0,296.5
X764,9.8,0.0016472088357031,0.0,False,False,True,373.5,292.0,296.5
X765,10.2,0.001345372148171,0.0,False,False,True,364.0,499.0,296.5
X766,8.2,0.0014907320087823,0.0,False,False,True,411.5,401.0,296.5
X767,5.6,0.001416093946048,0.0,False,False,True,460.5,457.0,296.5
X768,23.8,0.0023799465240567,0.0,False,False,True,171.5,49.0,296.5
X769,14.0,0.0018535442429395,0.0,False,False,True,304.5,152.0,296.5
X773,22.2,0.0022175733668802,0.0,False,False,True,187.0,64.0,296.5
X775,7.2,0.0015423306718529,0.0,False,False,True,431.5,363.0,296.5
X776,11.6,0.001507708138325,0.0,False,False,True,337.5,387.0,296.5
X779,7.8,0.0014621327505872,0.0,False,False,True,417.0,426.0,296.5
X781,16.0,0.0015720987196543,0.0,False,False,True,276.5,340.0,296.5
X782,8.0,0.0015273288969071,0.0,False,False,True,414.5,378.0,296.5
X783,6.4,0.0014902971372841,0.0,False,False,True,449.0,402.0,296.5
X784,10.6,0.0014168437617081,0.0,False,False,True,353.5,456.0,296.5
X785,8.2,0.001558300509588,0.0,False,False,True,411.5,351.0,296.5
X788,7.6,0.0012650823578715,0.0,False,True,True,419.5,541.0,296.5
X789,7.4,0.0013240492339947,0.0,False,False,True,424.5,515.0,296.5
X790,8.4,0.0013706946085272,0.0,False,False,True,408.5,488.0,296.5
X791,10.2,0.001313486104752,0.0,False,False,True,364.0,523.0,296.5
X792,4.2,0.0012559088664384,0.0,False,True,True,479.5,546.0,296.5
X793,9.6,0.0013171922810017,0.0,False,False,True,378.0,520.0,296.5
X794,8.0,0.0014596251281137,0.0,False,False,True,414.5,431.0,296.5
X795,9.0,0.0013197002523221,0.0,False,False,True,392.0,516.0,296.5
X796,4.0,0.0011987785580345,0.0,False,True,True,481.5,559.0,296.5
X797,5.6,0.0012342644325822,0.0,False,True,True,460.5,552.0,296.5
X798,7.2,0.0014689703963216,0.0,False,False,True,431.5,420.0,296.5
X799,8.8,0.0016934313416369,0.0,False,False,True,397.0,260.0,296.5
X800,12.4,0.0017720480405116,0.0,False,False,True,326.5,207.0,296.5
X801,6.2,0.0018206013517391,0.0,False,False,True,452.5,175.0,296.5
X802,11.2,0.0015252961323437,0.0,False,False,True,346.5,379.0,296.5
X803,17.0,0.0018342458188267,0.0,False,False,True,264.5,164.0,296.5
X804,15.0,0.0013425163271923,0.0,False,False,True,289.5,503.0,296.5
X805,16.8,0.0016131006668852,0.0,False,False,True,269.5,308.0,296.5
X806,19.4,0.00164834750188,0.0,False,False,True,229.0,291.0,296.5
X807,17.8,0.0016331892732233,0.0,False,False,True,254.5,300.0,296.5
X808,11.4,0.0016113456149576,0.0,False,False,True,343.5,309.0,296.5
X809,20.4,0.0016651182112996,0.0,False,False,True,217.0,283.0,296.5
X810,9.2,0.0017099015629715,0.0,False,False,True,387.5,251.0,296.5
X811,9.2,0.0016867531505046,0.0,False,False,True,387.5,266.0,296.5
X812,27.8,0.0016626617027804,0.0,False,False,True,136.0,286.0,296.5
X813,11.2,0.0015918134359605,0.0,False,False,True,346.5,323.0,296.5
X814,8.4,0.001719576838409,0.0,False,False,True,408.5,241.0,296.5
X815,13.0,0.0015416407786813,0.0,False,False,True,319.5,364.0,296.5
X816,11.6,0.0016743140418933,0.0,False,False,True,337.5,278.0,296.5
X817,13.2,0.0015924260606166,0.0,False,False,True,316.0,322.0,296.5
X818,10.6,0.0023137944718479,0.0,False,False,True,353.5,52.0,296.5
X819,21.0,0.0020440028651932,0.0,False,False,True,204.5,97.0,296.5
X820,16.0,0.0024585840201616,0.0,False,False,True,276.5,38.0,296.5
X821,15.4,0.0018197514163589,0.0,False,False,True,284.5,178.0,296.5
X822,6.6,0.0019111452666236,0.0,False,False,True,446.5,131.0,296.5
X823,14.4,0.0016204493797884,0.0,False,False,True,297.0,305.0,296.5
X824,23.0,0.0020704488644118,0.0,False,False,True,181.5,88.0,296.5
X825,9.6,0.0022995390722986,0.0,False,False,True,378.0,53.0,296.5
X826,39.8,0.002114517880542,0.0,False,False,True,74.0,77.0,296.5
X828,47.6,0.0013696935181471,0.0,False,False,True,55.0,490.0,296.5
X829,49.8,0.0016819666663218,0.0,False,False,True,49.0,271.0,296.5
X830,27.2,0.0015720101030097,0.0,False,False,True,140.0,341.0,296.5
X831,47.6,0.0019243144398539,0.0,False,False,True,55.0,124.0,296.5
X832,23.2,0.0015297373506381,0.0,False,False,True,178.0,374.0,296.5
X833,28.0,0.0019039362130927,0.0,False,False,True,133.0,138.0,296.5
X834,35.0,0.0016982933666709,0.0,False,False,True,95.5,256.0,296.5
X835,26.6,0.0017723575828157,0.0,False,False,True,145.5,205.0,296.5
X836,36.2,0.0017168782383687,0.0,False,False,True,89.0,243.0,296.5
X837,16.6,0.0017446166520622,0.0,False,False,True,272.5,226.0,296.5
X838,26.8,0.0018154725008356,0.0,False,False,True,143.5,184.0,296.5
X839,24.4,0.0016797812547171,0.0,False,False,True,165.5,272.0,296.5
X840,19.0,0.0015641328161898,0.0,False,False,True,234.0,346.0,296.5
X841,18.8,0.0013922847937576,0.0,False,False,True,238.0,476.0,296.5
X842,14.2,0.0017397695656413,0.0,False,False,True,300.5,230.0,296.5
X843,23.2,0.0022603436270694,0.0,False,False,True,178.0,58.0,296.5
X844,20.8,0.0018531770432745,0.0,False,False,True,208.5,153.0,296.5
X845,9.2,0.0017054183603621,0.0,False,False,True,387.5,253.0,296.5
X846,6.8,0.0018377253123297,0.0,False,False,True,441.5,161.0,296.5
X847,18.2,0.0016935559183075,0.0,False,False,True,248.5,259.0,296.5
X848,6.8,0.0020651699284804,0.0,False,False,True,441.5,90.0,296.5
X849,21.0,0.0024946474201369,0.0,False,False,True,204.5,34.0,296.5
X850,32.4,0.0019861107216279,0.0,False,False,True,106.5,109.0,296.5
X851,11.4,0.0018527822380848,0.0,False,False,True,343.5,155.0,296.5
X852,15.0,0.0016243294058769,0.0,False,False,True,289.5,303.0,296.5
X853,21.2,0.001734501104342,0.0,False,False,True,200.5,234.0,296.5
X854,34.6,0.0018211643471645,0.0,False,False,True,97.5,173.0,296.5
X855,31.8,0.001913867356758,0.0,False,False,True,109.5,130.0,296.5
X856,35.6,0.0019303609017956,0.0,False,False,True,93.0,122.0,296.5
X857,21.4,0.0019173826706493,0.0,False,False,True,196.0,127.0,296.5
X860,26.4,0.0018177548748627,0.0,False,False,True,147.5,180.0,296.5
X862,23.8,0.0017763324513908,0.0,False,False,True,171.5,201.0,296.5
X863,28.0,0.001738066844717,0.0,False,False,True,133.0,231.0,296.5
X865,14.0,0.0017435361392416,0.0,False,False,True,304.5,228.0,296.5
X867,29.8,0.0022509506298277,0.0,False,False,True,122.0,59.0,296.5
X868,25.8,0.0019902710067147,0.0,False,False,True,152.5,107.0,296.5
X870,26.8,0.0017671545246311,0.0,False,False,True,143.5,211.0,296.5
X873,26.0,0.0021268089052042,0.0,False,False,True,150.0,76.0,296.5
X874,26.6,0.0017831450055371,0.0,False,False,True,145.5,197.0,296.5
X875,36.8,0.0017049808595273,0.0,False,False,True,84.5,254.0,296.5
X877,25.2,0.0013815083200762,0.0,False,False,True,157.5,484.0,296.5
X878,18.8,0.0014529995431422,0.0,False,False,True,238.0,433.0,296.5
X880,14.8,0.0019638463524095,0.0,False,False,True,293.0,113.0,296.5
X881,25.0,0.0019737940937046,0.0,False,False,True,159.5,111.0,296.5
X882,8.8,0.0018734244897044,0.0,False,False,True,397.0,145.0,296.5
X883,7.6,0.0013391954430535,0.0,False,False,True,419.5,508.0,296.5
X884,7.4,0.0015519502858761,0.0,False,False,True,424.5,357.0,296.5
X885,9.4,0.0015282061314496,0.0,False,False,True,382.5,377.0,296.5
X886,19.6,0.0018542311773281,0.0,False,False,True,226.0,151.0,296.5
X887,11.6,0.0019059790395701,0.0,False,False,True,337.5,137.0,296.5
X888,17.0,0.0019067053464648,0.0,False,False,True,264.5,136.0,296.5
X889,8.6,0.0018233944522299,0.0,False,False,True,403.5,171.0,296.5
X890,23.4,0.0017733679484062,0.0,False,False,True,174.5,204.0,296.5
X891,21.2,0.0017596310032921,0.0,False,False,True,200.5,216.0,296.5
X892,31.0,0.0019739546391644,0.0,False,False,True,115.0,110.0,296.5
X893,22.6,0.0021753181180132,0.0,False,False,True,183.0,70.0,296.5
X894,10.2,0.0018201566462536,0.0,False,False,True,364.0,176.0,296.5
X895,33.2,0.0015747697178422,0.0,False,False,True,103.5,337.0,296.5
X898,19.4,0.0018390360700346,0.0,False,False,True,229.0,160.0,296.5
X899,9.2,0.0015413122267216,0.0,False,False,True,387.5,365.0,296.5
X900,13.6,0.0014350451163982,0.0,False,False,True,311.0,443.0,296.5
X903,26.0,0.0014601822887876,0.0,False,False,True,150.0,429.0,296.5
X904,13.2,0.0017849016113094,0.0,False,False,True,316.0,196.0,296.5
X905,23.6,0.001892429133896,0.0,False,False,True,173.0,141.0,296.5
X907,12.6,0.0015017968670806,0.0,False,False,True,324.0,390.0,296.5
X910,35.4,0.0021463611631851,0.0,False,False,True,94.0,74.0,296.5
X911,10.4,0.0017131832087204,0.0,False,False,True,358.5,249.0,296.5
X912,3.8,0.0014865826908611,0.0,False,False,True,484.0,403.0,296.5
X913,1.4,0.0017446587301727,0.0,False,False,True,520.0,225.0,296.5
X914,1.4,0.0014175879063707,0.0,False,False,True,520.0,455.0,296.5
X915,3.2,0.0014737506609781,0.0,False,False,True,491.0,415.0,296.5
X916,10.4,0.0018255533051119,0.0,False,False,True,358.5,169.0,296.5
X917,2.0,0.0017256075184511,0.0,False,False,True,511.0,238.0,296.5
X918,0.2,0.0013840591807663,0.0,True,False,True,553.5,481.0,296.5
X919,0.0,0.0010133704308704,0.0,True,True,True,575.5,568.0,296.5
X920,0.0,0.0013386031234699,0.0,True,False,True,575.5,510.0,296.5
X921,0.0,0.0008394861475892,0.0,True,True,True,575.5,572.0,296.5
X922,0.0,0.0012204521813749,0.0,True,True,True,575.5,554.0,296.5
X923,0.0,0.0010498229139351,0.0,True,True,True,575.5,567.0,296.5
X924,1.2,0.0015866995942576,0.0,False,False,True,525.5,329.0,296.5
X925,3.0,0.0018529517417522,0.0,False,False,True,494.5,154.0,296.5
X926,5.4,0.0015819270412811,0.0,False,False,True,462.5,330.0,296.5
X927,0.6,0.0014737675309629,0.0,True,False,True,540.5,414.0,296.5
X928,3.6,0.001946104486311,0.0,False,False,True,486.5,120.0,296.5
X929,16.8,0.0022785955011698,0.0,False,False,True,269.5,55.0,296.5
X930,0.6,0.0013687521199948,0.0,True,False,True,540.5,492.0,296.5
X931,16.6,0.0019525618104597,0.0,False,False,True,272.5,115.0,296.5
X932,6.4,0.0013997026888848,0.0,False,False,True,449.0,470.0,296.5
X933,0.0,0.0,0.0,True,True,True,575.5,585.5,296.5
X935,3.0,0.001987098656427,0.0,False,False,True,494.5,108.0,296.5
X936,2.6,0.0015766224404001,0.0,False,False,True,501.5,335.0,296.5
X937,1.6,0.0017507765699792,0.0,False,False,True,516.5,220.0,296.5
X938,4.4,0.0017291684144587,0.0,False,False,True,476.5,236.0,296.5
X939,0.8,0.0014662491350667,0.0,True,False,True,534.5,422.0,296.5
X940,0.6,0.0012031151099425,0.0,True,True,True,540.5,557.0,296.5
X941,1.2,0.0019570637775372,0.0,False,False,True,525.5,114.0,296.5
X942,0.6,0.0016751944458958,0.0,True,False,True,540.5,277.0,296.5
X943,0.8,0.0018249192250445,0.0,True,False,True,534.5,170.0,296.5
X944,0.0,0.0015597837709445,0.0,True,False,True,575.5,350.0,296.5
X945,0.0,0.0006725870203494,0.0,True,True,True,575.5,576.0,296.5
X946,0.0,0.0011583335560151,0.0,True,True,True,575.5,562.0,296.5
X947,0.2,0.0009518998137186,0.0,True,True,True,553.5,570.0,296.5
X948,1.0,0.0018157123710179,0.0,False,False,True,530.5,183.0,296.5
X949,5.0,0.0017140638264423,0.0,False,False,True,471.0,247.0,296.5
X950,2.0,0.0016387594973451,0.0,False,False,True,511.0,295.0,296.5
X951,0.0,8.338009727674513e-06,0.0,True,True,True,575.5,578.0,296.5
X952,7.6,0.0012595204588223,0.0,False,True,True,419.5,543.0,296.5
X953,7.4,0.0013614119520839,0.0,False,False,True,424.5,493.0,296.5
X954,0.0,0.0006872990687683,0.0,True,True,True,575.5,575.0,296.5
X956,0.0,0.0,0.0,True,True,True,575.5,585.5,296.5
X957,0.0,0.0013768441366186,0.0,True,False,True,575.5,486.0,296.5
X958,1.6,0.0013803753375173,0.0,False,False,True,516.5,485.0,296.5
X959,1.2,0.0016391419299422,0.0,False,False,True,525.5,294.0,296.5
X960,0.8,0.0017444718700868,0.0,True,False,True,534.5,227.0,296.5
X961,1.0,0.0015003198820747,0.0,False,False,True,530.5,391.0,296.5
X962,2.2,0.0015904737040639,0.0,False,False,True,507.5,324.0,296.5
X963,1.8,0.0011448815272611,0.0,False,True,True,514.5,563.0,296.5
X964,0.4,0.0014814157499617,0.0,True,False,True,546.5,408.0,296.5
X965,0.2,0.0015471943106283,0.0,True,False,True,553.5,362.0,296.5
X966,0.4,0.0012013119074002,0.0,True,True,True,546.5,558.0,296.5
X967,2.8,0.0013424007233125,0.0,False,False,True,498.0,504.0,296.5
X968,2.0,0.0012911114545504,0.0,False,True,True,511.0,535.0,296.5
X969,2.4,0.0014149797993127,0.0,False,False,True,505.0,459.0,296.5
X970,1.2,0.0015546426651552,0.0,False,False,True,525.5,354.0,296.5
X971,0.6,0.001107904258769,0.0,True,True,True,540.5,564.0,296.5
X972,1.4,0.0013422202032821,0.0,False,False,True,520.0,506.0,296.5
X973,17.2,0.0020216557255841,0.0,False,False,True,260.0,101.0,296.5
X974,13.6,0.0015580950935218,0.0,False,False,True,311.0,352.0,296.5
X975,2.2,0.0017539834403996,0.0,False,False,True,507.5,218.0,296.5
X976,3.0,0.0022216127556116,0.0,False,False,True,494.5,63.0,296.5
X977,3.8,0.0020478121740974,0.0,False,False,True,484.0,96.0,296.5
X978,1.4,0.0014092320496457,0.0,False,False,True,520.0,462.0,296.5
X979,8.6,0.001683409024171,0.0,False,False,True,403.5,269.0,296.5
X980,3.8,0.0016988708374194,0.0,False,False,True,484.0,255.0,296.5
X981,0.4,0.0010994721487169,0.0,True,True,True,546.5,565.0,296.5
X982,29.2,0.0032961817046876,0.0,False,False,True,126.0,10.0,296.5
X983,12.8,0.0035846354850911,0.0,False,False,True,321.5,4.0,296.5
X984,5.2,0.0015888047663262,0.0,False,False,True,466.5,326.0,296.5
X985,2.0,0.0014619568701138,0.0,False,False,True,511.0,427.0,296.5
X986,8.4,0.0015791984266106,0.0,False,False,True,408.5,332.0,296.5
X987,5.2,0.0012905763828532,0.0,False,True,True,466.5,536.0,296.5
X988,7.2,0.0018330329568994,0.0,False,False,True,431.5,165.0,296.5
X989,5.0,0.0016929693312647,0.0,False,False,True,471.0,261.0,296.5
X990,4.2,0.0016264733868788,0.0,False,False,True,479.5,302.0,296.5
X991,2.6,0.0018280532350611,0.0,False,False,True,501.5,166.0,296.5
X992,4.4,0.0016062018116942,0.0,False,False,True,476.5,311.0,296.5
X993,2.8,0.0015968541525571,0.0,False,False,True,498.0,319.0,296.5
X994,5.4,0.0016180667394049,0.0,False,False,True,462.5,306.0,296.5
X995,189.0,0.0030654287235269,0.0,False,False,True,10.0,16.0,296.5
X996,0.6,0.0022269162999673,0.0,True,False,True,540.5,62.0,296.5
X997,39.2,0.0015661077410494,0.0,False,False,True,76.0,344.0,296.5
X998,61.0,0.0021878627024575,0.0,False,False,True,34.0,69.0,296.5
X999,105.8,0.0018405187063242,0.0,False,False,True,20.0,159.0,296.5
X1000,21.2,0.0019482740092284,0.0,False,False,True,200.5,118.0,296.5
X1001,127.6,0.0020564967080948,0.0,False,False,True,16.0,94.0,296.5
X1002,163.6,0.0022431072374625,0.0,False,False,True,13.0,61.0,296.5
X1003,194.4,0.0027813264635488,0.0,False,False,True,9.0,23.0,296.5
X1004,37.6,0.002085503035718,0.0,False,False,True,82.0,82.0,296.5
X1005,23.4,0.0019079384489462,0.0,False,False,True,174.5,133.0,296.5
X1006,55.2,0.0018499210130378,0.0,False,False,True,41.0,157.0,296.5
X1007,80.2,0.0024039038397785,0.0,False,False,True,28.0,44.0,296.5
X1010,57.2,0.0019500331409064,0.0,False,False,True,36.0,117.0,296.5
X1011,30.0,0.0015520409467205,0.0,False,False,True,120.5,356.0,296.5
X1012,20.6,0.0017529906880545,0.0,False,False,True,213.0,219.0,296.5
X1013,17.2,0.0014942194410569,0.0,False,False,True,260.0,400.0,296.5
X1015,30.4,0.0014753462245665,0.0,False,False,True,117.5,412.0,296.5
X1016,48.0,0.0022065068712285,0.0,False,False,True,53.0,67.0,296.5
X1017,46.0,0.0014598946740266,0.0,False,False,True,58.0,430.0,296.5
X1018,49.6,0.0020483813293978,0.0,False,False,True,50.5,95.0,296.5
X1019,56.8,0.00188379988663,0.0,False,False,True,37.5,143.0,296.5
X1020,36.0,0.0014709054077964,0.0,False,False,True,90.5,417.0,296.5
X1029,113.0,0.0029090461414818,0.0,False,False,True,17.0,20.0,296.5
X1030,49.6,0.0015475102806253,0.0,False,False,True,50.5,360.0,296.5
X1031,87.8,0.0017915335327474,0.0,False,False,True,25.0,192.0,296.5
X1032,70.6,0.0012505232580845,0.0,False,True,True,33.0,547.0,296.5
X1033,51.6,0.0020246220564984,0.0,False,False,True,44.5,100.0,296.5
X1041,8.8,0.0020053696829131,0.0,False,False,True,397.0,103.0,296.5
X1042,13.8,0.0016010782490479,0.0,False,False,True,307.5,318.0,296.5
X1044,51.6,0.0016146943920864,0.0,False,False,True,44.5,307.0,296.5
X1045,10.8,0.0015609388164005,0.0,False,False,True,349.5,348.0,296.5
X1049,17.6,0.0036937522523708,0.0,False,False,True,256.5,3.0,296.5
X1058,44.6,0.0021359155911916,0.0,False,False,True,59.0,75.0,296.5
X1059,40.8,0.0024346700749601,0.0,False,False,True,69.5,39.0,296.5
X1060,199.2,0.0029860990835588,0.0,False,False,True,8.0,18.0,296.5
X1063,203.0,0.0028597546835674,0.0,False,False,True,7.0,21.0,296.5
X1064,372.4,0.0045619659209761,0.0,False,False,True,1.0,1.0,296.5
X1066,279.8,0.0034415550682101,0.0,False,False,True,3.0,5.0,296.5
X1068,234.0,0.0024982341500972,0.0,False,False,True,5.0,33.0,296.5
X1070,176.2,0.0038729736960902,0.0,False,False,True,11.0,2.0,296.5
X1071,247.2,0.0033735432831032,0.0,False,False,True,4.0,7.0,296.5
X1073,98.8,0.0033477939542205,0.0,False,False,True,22.0,8.0,296.5
X1075,56.2,0.0030489674237228,0.0,False,False,True,39.5,17.0,296.5
X1076,110.8,0.0034108944777537,0.0,False,False,True,18.0,6.0,296.5
X1077,39.4,0.0026938937846446,0.0,False,False,True,75.0,27.0,296.5
X1079,11.4,0.0015297801071339,0.0,False,False,True,343.5,373.0,296.5
X1080,6.8,0.0012805007986517,0.0,False,True,True,441.5,539.0,296.5
X1081,10.0,0.0014593474340172,0.0,False,False,True,369.5,432.0,296.5
X1082,0.0,0.0,0.0,True,True,True,575.5,585.5,296.5
X1083,71.6,0.0014615713084793,0.0,False,False,True,32.0,428.0,296.5
X1084,97.0,0.0017475943600152,0.0,False,False,True,23.0,223.0,296.5
X1085,93.2,0.0016350245435913,0.0,False,False,True,24.0,298.0,296.5
X1086,7.0,0.0030720845176849,0.0,False,False,True,436.5,15.0,296.5
position,3.2,0.0014003881029883,0.0,False,False,True,491.0,469.0,296.5
p_1,0.4,0.0013250616582805,0.0,True,False,True,546.5,514.0,296.5
p_2,0.2,0.001319606786552,0.0,True,False,True,553.5,519.0,296.5
p_3,0.2,0.0014050585228956,0.0,True,False,True,553.5,465.0,296.5
p_4,0.2,0.0012852686137788,0.0,True,True,True,553.5,537.0,296.5
clf_proba_mean,106.4,0.001916911949043,0.0,False,False,True,19.0,128.0,296.5
