split,model,segment,n_corrected,bias,rmse_orig,rmse_corr,delta
oof,zit_only,y=0,18541,0.0021547167577530965,0.008245640339027988,0.008043840629086026,-0.0002017997099419619
oof,zit_only,very_small,3061,-5.4201556370538655e-05,0.008245640339027988,0.008245619515838031,-2.0823189957053234e-08
oof,zit_only,small,2239,-0.004445039867254242,0.008245640339027988,0.008142556999075453,-0.00010308333995253521
oof,zit_only,medium,2326,-0.01365757500620354,0.008245640339027988,0.007170951399613641,-0.0010746889394143474
oof,zit_only,large,19,-0.06682390407408142,0.008245640339027988,0.008046781037899268,-0.00019885930112872006
oof,zit_only,extreme,1,-0.9983505413016952,0.008245640339027988,0.00547079239840797,-0.002774847940620018
oof,bag_zit_combined_best,y=0,18541,0.0022172507349486623,0.008250703897255685,0.008036997650049189,-0.00021370624720649586
oof,bag_zit_combined_best,very_small,3061,-5.894198083088827e-05,0.008250703897255685,0.008250679287534932,-2.4609720752563624e-08
oof,bag_zit_combined_best,small,2239,-0.004445903405120906,0.008250703897255685,0.008147644336797395,-0.00010305956045828998
oof,bag_zit_combined_best,medium,2326,-0.013671676364979138,0.008250703897255685,0.007174388038095324,-0.0010763158591603605
oof,bag_zit_combined_best,large,19,-0.06679426301989051,0.008250703897255685,0.008052148090793297,-0.00019855580646238775
oof,bag_zit_combined_best,extreme,1,-0.9988200421506995,0.008250703897255685,0.005475152312279249,-0.0027755515849764356
oof,bag_zit_combined_best_xy,y=0,18541,0.0022190690445879446,0.008251456908979833,0.008037415393424993,-0.00021404151555484002
oof,bag_zit_combined_best_xy,very_small,3061,-5.711955530120102e-05,0.008251456908979833,0.008251433799658411,-2.310932142174371e-08
oof,bag_zit_combined_best_xy,small,2239,-0.004449702856025097,0.008251456908979833,0.008148229548792725,-0.00010322736018710844
oof,bag_zit_combined_best_xy,medium,2326,-0.013669364853343196,0.008251456908979833,0.007175645166772016,-0.0010758117422078172
oof,bag_zit_combined_best_xy,large,19,-0.06680579094489751,0.008251456908979833,0.008052850287505959,-0.00019860662147387458
oof,bag_zit_combined_best_xy,extreme,1,-0.9988013488818946,0.008251456908979833,0.005476417181036319,-0.0027750397279435145
oof,bag_zit_pp_hpo,y=0,18541,0.002248171139927745,0.008245016317231098,0.008025070209993197,-0.00021994610723790123
oof,bag_zit_pp_hpo,very_small,3061,-5.492974130047446e-05,0.008245016317231098,0.008244994929154202,-2.1388076896361463e-08
oof,bag_zit_pp_hpo,small,2239,-0.004443406922278899,0.008245016317231098,0.008142001285729747,-0.00010301503150135158
oof,bag_zit_pp_hpo,medium,2326,-0.013657914729455312,0.008245016317231098,0.007170176371457508,-0.0010748399457735898
oof,bag_zit_pp_hpo,large,19,-0.06680827167584094,0.008245016317231098,0.008046235779056315,-0.00019878053817478335
oof,bag_zit_pp_hpo,extreme,1,-0.9985631621705545,0.008245016317231098,0.005468369531945619,-0.002776646785285479
oof,bag_zit_hpo,y=0,18541,0.002205262254264066,0.008244362529838624,0.008032824458107575,-0.00021153807173104888
oof,bag_zit_hpo,very_small,3061,-0.0001391935829032868,0.008244362529838624,0.008244225178609411,-1.3735122921312848e-07
oof,bag_zit_hpo,small,2239,-0.0045290982073621965,0.008244362529838624,0.008137300907018115,-0.00010706162282050902
oof,bag_zit_hpo,medium,2326,-0.01373213478393569,0.008244362529838624,0.0071568206480803614,-0.0010875418817582628
oof,bag_zit_hpo,large,19,-0.06690594061909573,0.008244362529838624,0.008044976952674008,-0.0001993855771646163
oof,bag_zit_hpo,extreme,1,-0.9982681046402363,0.008244362529838624,0.005469440898635684,-0.0027749216312029402
oof,bag_zit_fixed_ge,y=0,18541,0.0021788715478444263,0.008252806711804547,0.008046582654589683,-0.00020622405721486443
oof,bag_zit_fixed_ge,very_small,3061,5.136989819671245e-05,0.008252806711804547,0.008252788023762012,-1.8688042535339178e-08
oof,bag_zit_fixed_ge,small,2239,-0.004350485885444952,0.008252806711804547,0.008154175317877068,-9.863139392747924e-05
oof,bag_zit_fixed_ge,medium,2326,-0.013570219919487382,0.008252806711804547,0.007193889182920057,-0.0010589175288844904
oof,bag_zit_fixed_ge,large,19,-0.06667931177294757,0.008252806711804547,0.008054993779726358,-0.00019781293207818927
oof,bag_zit_fixed_ge,extreme,1,-0.9982979633691358,0.008252806711804547,0.005481953332005616,-0.0027708533797989312
oof,lgbm,y=0,18541,0.0022521569223373224,0.00825712768424227,0.008036722923900267,-0.00022040476034200333
oof,lgbm,very_small,3061,-0.00012305065247643102,0.00825712768424227,0.008257020510290229,-1.0717395204119795e-07
oof,lgbm,small,2239,-0.0045243755835406504,0.00825712768424227,0.008150458011149867,-0.0001066696730924032
oof,lgbm,medium,2326,-0.01373561035948922,0.00825712768424227,0.007170930643347014,-0.0010861970408952556
oof,lgbm,large,19,-0.06690262534521618,0.00825712768424227,0.008058077940962251,-0.00019904974328001888
oof,lgbm,extreme,1,-0.9983596079016,0.00825712768424227,0.005488027983559946,-0.0027690997006823244
oof,enet,y=0,18541,0.0023772208081082294,0.008285523037170617,0.008040443214538086,-0.0002450798226325303
oof,enet,very_small,3061,-0.00025505740374780943,0.008285523037170617,0.008285064139817404,-4.588973532126256e-07
oof,enet,small,2239,-0.004649920915962793,0.008285523037170617,0.008173201431351237,-0.00011232160581937933
oof,enet,medium,2326,-0.013857940793977067,0.008285523037170617,0.007182768053940053,-0.0011027549832305639
oof,enet,large,19,-0.06702963430971824,0.008285523037170617,0.008086409119921001,-0.00019911391724961557
oof,enet,extreme,1,-0.9982299137543053,0.008285523037170617,0.005531552575412274,-0.002753970461758343
oof,et,y=0,18541,0.002371109671903219,0.008269396990101855,0.008025104788318537,-0.0002442922017833176
oof,et,very_small,3061,-0.00022713748913312257,0.008269396990101855,0.008269032352912363,-3.6463718949136803e-07
oof,et,small,2239,-0.00463439768914083,0.008269396990101855,0.008157608642368865,-0.00011178834773298979
oof,et,medium,2326,-0.013838829412715952,0.008269396990101855,0.007167440787462279,-0.0011019562026395755
oof,et,large,19,-0.06695904845325598,0.008269396990101855,0.008070310346058492,-0.00019908664404336314
oof,et,extreme,1,-0.9977359974153512,0.008269396990101855,0.005510785301749834,-0.0027586116883520206
oof,catboost,y=0,18541,0.0022545484121045743,0.008259275834240328,0.00803845533541373,-0.00022082049882659813
oof,catboost,very_small,3061,-8.966550319115402e-05,0.008259275834240328,0.00825921894136397,-5.68928763579335e-08
oof,catboost,small,2239,-0.004487893593973063,0.008259275834240328,0.008154358148205403,-0.00010491768603492456
oof,catboost,medium,2326,-0.013702610639117254,0.008259275834240328,0.007179007649920758,-0.0010802681843195697
oof,catboost,large,19,-0.06685791653168116,0.008259275834240328,0.008060548294532075,-0.00019872753970825302
oof,catboost,extreme,1,-0.9984051412213222,0.008259275834240328,0.00549094335560505,-0.002768332478635278
oof,_stacking,y=0,18541,0.0023226787849982547,0.008237204070188847,0.008001991130460804,-0.0002352129397280439
oof,_stacking,very_small,3061,8.694169152996508e-05,0.008237204070188847,0.008237150438021812,-5.3632167035591594e-08
oof,_stacking,small,2239,-0.004305060728444483,0.008237204070188847,0.008140448661565262,-9.675540862358507e-05
oof,_stacking,medium,2326,-0.013510155757381579,0.008237204070188847,0.007186044064880747,-0.0010511600053081
oof,_stacking,large,19,-0.06666041269338463,0.008237204070188847,0.00803912093762029,-0.00019808313256855677
oof,_stacking,extreme,1,-0.9978814496160188,0.008237204070188847,0.0054613436592954295,-0.002775860410893418
val,zit_only,y=0,6178,0.002167043649752162,0.00570891991816085,0.005409928702552675,-0.00029899121560817473
val,zit_only,very_small,997,-9.038605824328866e-05,0.00570891991816085,0.005708838174847135,-8.174331371513244e-08
val,zit_only,small,773,-0.004396828334397901,0.00570891991816085,0.00555692475129666,-0.00015199516686419026
val,zit_only,medium,771,-0.013569360908226476,0.00570891991816085,0.0040403885407112854,-0.0016685313774495647
val,zit_only,large,8,-0.0766204986194048,0.00570891991816085,0.005216332304819696,-0.000492587613341154
val,bag_zit_combined_best,y=0,6178,0.0022208975072121272,0.005710229169982951,0.005395831052334546,-0.00031439811764840536
val,bag_zit_combined_best,very_small,997,-0.000104860891092732,0.005710229169982951,0.005710119173722847,-1.099962601038007e-07
val,bag_zit_combined_best,small,773,-0.004409603066105908,0.005710229169982951,0.005557373344184534,-0.00015285582579841698
val,bag_zit_combined_best,medium,771,-0.0135672452952038,0.005710229169982951,0.0040428655832341525,-0.0016673635867487987
val,bag_zit_combined_best,large,8,-0.07660318261159196,0.005710229169982951,0.005217998222752834,-0.000492230947230117
val,bag_zit_combined_best_xy,y=0,6178,0.0022237757072454383,0.005711802775220742,0.005396657332267101,-0.00031514544295364096
val,bag_zit_combined_best_xy,very_small,997,-0.00010414976584505043,0.005711802775220742,0.005711694295713588,-1.0847950715400095e-07
val,bag_zit_combined_best_xy,small,773,-0.00441128202914595,0.005711802775220742,0.005558872228731998,-0.00015293054648874392
val,bag_zit_combined_best_xy,medium,771,-0.013571978819940997,0.005711802775220742,0.0040436847714128985,-0.0016681180038078435
val,bag_zit_combined_best_xy,large,8,-0.07657751696169263,0.005711802775220742,0.005220065439557286,-0.0004917373356634561
val,bag_zit_pp_hpo,y=0,6178,0.0022618007291519324,0.005712059642231358,0.0053857310883840825,-0.0003263285538472752
val,bag_zit_pp_hpo,very_small,997,-9.248514229800992e-05,0.005712059642231358,0.005711974105107509,-8.55371238483657e-08
val,bag_zit_pp_hpo,small,773,-0.00439747063307405,0.005712059642231358,0.00556010531288351,-0.00015195432934784776
val,bag_zit_pp_hpo,medium,771,-0.013572621513250355,0.005712059642231358,0.004043857030283348,-0.0016682026119480093
val,bag_zit_pp_hpo,large,8,-0.07671928304050073,0.005712059642231358,0.005218438053834952,-0.0004936215883964059
val,bag_zit_hpo,y=0,6178,0.0022172524509269102,0.0057112560796865495,0.005397978675860661,-0.00031327740382588835
val,bag_zit_hpo,very_small,997,-0.00018215166750169145,0.0057112560796865495,0.005710924225368075,-3.3185431847458646e-07
val,bag_zit_hpo,small,773,-0.004490224931512097,0.0057112560796865495,0.005552708567026587,-0.00015854751265996243
val,bag_zit_hpo,medium,771,-0.013638746616128626,0.0057112560796865495,0.004023013005124245,-0.0016882430745623041
val,bag_zit_hpo,large,8,-0.07675110837459637,0.0057112560796865495,0.0052171293837897925,-0.000494126695896757
val,bag_zit_fixed_ge,y=0,6178,0.002174304973539702,0.005717112590472099,0.005416513818416548,-0.00030059877205555145
val,bag_zit_fixed_ge,very_small,997,-6.1596942961929305e-06,0.005717112590472099,0.005717112211382584,-3.790895149874407e-10
val,bag_zit_fixed_ge,small,773,-0.004331311523489702,0.005717112590472099,0.0055698899038836985,-0.00014722268658840052
val,bag_zit_fixed_ge,medium,771,-0.01348848330196681,0.005717112590472099,0.004075743426447375,-0.0016413691640247237
val,bag_zit_fixed_ge,large,8,-0.07658386091804144,0.005717112590472099,0.00522578969307065,-0.0004913228974014489
val,lgbm,y=0,6178,0.0022639857312722984,0.005731161224522776,0.005405338332134498,-0.0003258228923882778
val,lgbm,very_small,997,-0.00018361587762351413,0.005731161224522776,0.005730825184690911,-3.360398318644556e-07
val,lgbm,small,773,-0.004484641918027366,0.005731161224522776,0.005573578172807616,-0.00015758305171515927
val,lgbm,medium,771,-0.013646393456282603,0.005731161224522776,0.004048945979648634,-0.0016822152448741417
val,lgbm,large,8,-0.07685312620386747,0.005731161224522776,0.005237541124005726,-0.0004936201005170497
val,enet,y=0,6178,0.002388038875208065,0.005781420938297365,0.005421048176860394,-0.00036037276143697106
val,enet,very_small,997,-0.00032823957382425203,0.005781420938297365,0.005780356335841619,-1.064602455746154e-06
val,enet,small,773,-0.004639449668029525,0.005781420938297365,0.00561411447529686,-0.000167306463000505
val,enet,medium,771,-0.013785656950842332,0.005781420938297365,0.004078611766164223,-0.0017028091721331415
val,enet,large,8,-0.07697996425031456,0.005781420938297365,0.005290800473752504,-0.0004906204645448607
val,et,y=0,6178,0.002387271039804845,0.005757863785338338,0.0053961584788965655,-0.0003617053064417725
val,et,very_small,997,-0.0002901965657037035,0.005757863785338338,0.005757028269189513,-8.355161488253146e-07
val,et,small,773,-0.004592404307741888,0.005757863785338338,0.0055932922750690775,-0.00016457151026926051
val,et,medium,771,-0.013766641598335256,0.005757863785338338,0.004050867493947153,-0.0017069962913911852
val,et,large,8,-0.07687869667296192,0.005757863785338338,0.0052664048353838885,-0.0004914589499544495
val,catboost,y=0,6178,0.0022697620809946513,0.005730597891376354,0.005403025668779271,-0.00032757222259708306
val,catboost,very_small,997,-0.0001442902155890533,0.005730597891376354,0.005730390360901595,-2.0753047475906977e-07
val,catboost,small,773,-0.004449893865815347,0.005730597891376354,0.00557546552893251,-0.00015513236244384457
val,catboost,medium,771,-0.013610999794202256,0.005730597891376354,0.004058662104534445,-0.0016719357868419096
val,catboost,large,8,-0.07676595551740553,0.005730597891376354,0.005238096579659659,-0.0004925013117166952
val,_stacking,y=0,6178,0.0023316999334533945,0.005701225411726696,0.005353050107462435,-0.0003481753042642614
val,_stacking,very_small,997,4.789856695416638e-05,0.005701225411726696,0.00570120242495987,-2.298676682593176e-08
val,_stacking,small,773,-0.004266370844986174,0.005701225411726696,0.005558032354412006,-0.0001431930573146901
val,_stacking,medium,771,-0.013423749594103137,0.005701225411726696,0.004072369124551839,-0.0016288562871748574
val,_stacking,large,8,-0.07649044254886772,0.005701225411726696,0.005209662315177139,-0.000491563096549557
