split,model,segment,range,n_unit,mean_y,mean_pred,mean_residual,rmse_segment,se_segment,pct_total_se
oof,zit_only,y=0,y == 0,18541,0.0,0.0021547167577530965,0.0021547167577530965,0.0024728556121361178,0.11337849086176963,6.367898734028276
oof,zit_only,very_small,"(0, 0.005]",3061,0.0028828975500956046,0.002828695993725066,-5.4201556370538655e-05,0.0013023211797042562,0.005191579833080341,0.2915848887685841
oof,zit_only,small,"(0.005, 0.01]",2239,0.007307517744365402,0.0028624778771111615,-0.004445039867254242,0.0047105331030187336,0.049681444414668444,2.790356482858599
oof,zit_only,medium,"(0.01, 0.05]",2326,0.01649097435008248,0.0028333993438789395,-0.01365757500620354,0.015052425923238497,0.5270146738820785,29.599759611543938
oof,zit_only,large,"(0.05, 0.5]",19,0.06961348462372297,0.0027895805496415526,-0.06682390407408142,0.06824855758147018,0.08849944662707378,4.970568137353579
oof,zit_only,extreme,> 0.5,1,1.0,0.0016494586983048,-0.9983505413016952,0.9983505413016952,0.9967038033173878,55.97983214544701
oof,bag_zit_combined_best,y=0,y == 0,18541,0.0,0.0022172507349486623,0.0022172507349486623,0.0024709681060158055,0.11320547556614459,6.350379543312418
oof,bag_zit_combined_best,very_small,"(0, 0.005]",3061,0.0028828975500956046,0.002823955569264717,-5.894198083088827e-05,0.0013261953495892675,0.0053836687562382034,0.3020025291763336
oof,bag_zit_combined_best,small,"(0.005, 0.01]",2239,0.007307517744365402,0.0028616143392444972,-0.004445903405120906,0.0047186365763366,0.04985252422143363,2.7965294824745794
oof,bag_zit_combined_best,medium,"(0.01, 0.05]",2326,0.01649097435008248,0.0028192979851033415,-0.013671676364979138,0.01506797071368892,0.5281037425628933,29.624531735292457
oof,bag_zit_combined_best,large,"(0.05, 0.5]",19,0.06961348462372297,0.002819221603832468,-0.06679426301989051,0.06823718563485369,0.08846995656394417,4.962814736228426
oof,bag_zit_combined_best,extreme,> 0.5,1,1.0,0.0011799578493005,-0.9988200421506995,0.9988200421506995,0.9976414766019251,55.96374197351578
oof,bag_zit_combined_best_xy,y=0,y == 0,18541,0.0,0.0022190690445879446,0.0022190690445879446,0.002473658329105953,0.1134521106960676,6.363053280416297
oof,bag_zit_combined_best_xy,very_small,"(0, 0.005]",3061,0.0028828975500956046,0.002825777994794404,-5.711955530120102e-05,0.0013346033389211155,0.0054521493471859925,0.3057882006432683
oof,bag_zit_combined_best_xy,small,"(0.005, 0.01]",2239,0.007307517744365402,0.0028578148883403056,-0.004449702856025097,0.004721517023108305,0.04991340679588389,2.7994337425783167
oof,bag_zit_combined_best_xy,medium,"(0.01, 0.05]",2326,0.01649097435008248,0.0028216094967392817,-0.013669364853343196,0.015067194612239154,0.5280493422016641,29.616073940829985
oof,bag_zit_combined_best_xy,large,"(0.05, 0.5]",19,0.06961348462372297,0.0028076936788254733,-0.06680579094489751,0.06825305420581358,0.08851110876001284,4.964217038301471
oof,bag_zit_combined_best_xy,extreme,> 0.5,1,1.0,0.0011986511181054,-0.9988013488818946,0.9988013488818946,0.9976041345282922,55.951433797230656
oof,bag_zit_pp_hpo,y=0,y == 0,18541,0.0,0.002248171139927745,0.002248171139927745,0.0024741165612311156,0.11349414739642538,6.375359504129322
oof,bag_zit_pp_hpo,very_small,"(0, 0.005]",3061,0.0028828975500956046,0.00282796780879513,-5.492974130047446e-05,0.001265374310582395,0.004901187938544408,0.2753167085909775
oof,bag_zit_pp_hpo,small,"(0.005, 0.01]",2239,0.007307517744365402,0.0028641108220865043,-0.004443406922278899,0.004702221976192265,0.04950628609847012,2.7809396240459145
oof,bag_zit_pp_hpo,medium,"(0.01, 0.05]",2326,0.01649097435008248,0.0028330596206271666,-0.013657914729455312,0.015047943482290623,0.5267008426854911,29.586611294756768
oof,bag_zit_pp_hpo,large,"(0.05, 0.5]",19,0.06961348462372297,0.002805212947882037,-0.06680827167584094,0.06823685833953604,0.08846910788494826,4.96961632573057
oof,bag_zit_pp_hpo,extreme,> 0.5,1,1.0,0.0014368378294455,-0.9985631621705545,0.9985631621705545,0.9971283888440572,56.012156542746446
oof,bag_zit_hpo,y=0,y == 0,18541,0.0,0.002205262254264066,0.002205262254264066,0.0024091070773423814,0.10760819851018544,6.045684106320677
oof,bag_zit_hpo,very_small,"(0, 0.005]",3061,0.0028828975500956046,0.002743703967192318,-0.0001391935829032868,0.001237477441831028,0.004687463632683476,0.26335283719472646
oof,bag_zit_hpo,small,"(0.005, 0.01]",2239,0.007307517744365402,0.0027784195370032065,-0.0045290982073621965,0.004775854604540219,0.05106887454910222,2.8691706344286403
oof,bag_zit_hpo,medium,"(0.01, 0.05]",2326,0.01649097435008248,0.0027588395661467886,-0.01373213478393569,0.015112972016393599,0.5312628732894565,29.847609696953636
oof,bag_zit_hpo,large,"(0.05, 0.5]",19,0.06961348462372297,0.0027075440046272475,-0.06690594061909573,0.06834549687319137,0.08875103191402482,4.986243710895243
oof,bag_zit_hpo,extreme,> 0.5,1,1.0,0.0017318953597637,-0.9982681046402363,0.9982681046402363,0.9965392087420097,55.987939014207086
oof,bag_zit_fixed_ge,y=0,y == 0,18541,0.0,0.0021788715478444263,0.0021788715478444263,0.002555760612870237,0.12110818614525098,6.790228735432257
oof,bag_zit_fixed_ge,very_small,"(0, 0.005]",3061,0.0028828975500956046,0.0029342674482923173,5.136989819671245e-05,0.0014440040582707628,0.006382637171845745,0.3578582729339682
oof,bag_zit_fixed_ge,small,"(0.005, 0.01]",2239,0.007307517744365402,0.002957031858920451,-0.004350485885444952,0.0046620624744946795,0.04866427656952877,2.728482521859606
oof,bag_zit_fixed_ge,medium,"(0.01, 0.05]",2326,0.01649097435008248,0.0029207544305950967,-0.013570219919487382,0.014988951124713235,0.522579293435092,29.299695154950452
oof,bag_zit_fixed_ge,large,"(0.05, 0.5]",19,0.06961348462372297,0.002934172850775416,-0.06667931177294757,0.0681455162351971,0.08823241627626872,4.946967727492746
oof,bag_zit_fixed_ge,extreme,> 0.5,1,1.0,0.0017020366308642,-0.9982979633691358,0.9982979633691358,0.9965988236669644,55.876767587330974
oof,lgbm,y=0,y == 0,18541,0.0,0.0022521569223373224,0.0022521569223373224,0.0024618697799691333,0.112373344965572,6.293895959031575
oof,lgbm,very_small,"(0, 0.005]",3061,0.0028828975500956046,0.002759846897619174,-0.00012305065247643102,0.0012684269234911796,0.004924863899186371,0.27583570644236016
oof,lgbm,small,"(0.005, 0.01]",2239,0.007307517744365402,0.0027831421608247517,-0.0045243755835406504,0.004776848578054449,0.05109013415402257,2.8614969946556217
oof,lgbm,medium,"(0.01, 0.05]",2326,0.01649097435008248,0.0027553639905932583,-0.01373561035948922,0.015117029398257353,0.5315481680274095,29.771373876992968
oof,lgbm,large,"(0.05, 0.5]",19,0.06961348462372297,0.002710859278506805,-0.06690262534521618,0.06835486706396414,0.08877536917531198,4.972201703929125
oof,lgbm,extreme,> 0.5,1,1.0,0.0016403920983999,-0.9983596079016,0.9983596079016,0.9967219066894366,55.82519575894837
oof,enet,y=0,y == 0,18541,0.0,0.0023772208081082294,0.0023772208081082294,0.0024829687482924466,0.11430774587844861,6.358432336702048
oof,enet,very_small,"(0, 0.005]",3061,0.0028828975500956046,0.0026278401463477956,-0.00025505740374780943,0.0012559815317311688,0.004828695690240355,0.26859890014423576
oof,enet,small,"(0.005, 0.01]",2239,0.007307517744365402,0.00265759682840261,-0.004649920915962793,0.004897997195606012,0.05371445304655999,2.987896511953738
oof,enet,medium,"(0.01, 0.05]",2326,0.01649097435008248,0.0026330335561054116,-0.013857940793977067,0.015228344412091805,0.5394051534384271,30.00471353755624
oof,enet,large,"(0.05, 0.5]",19,0.06961348462372297,0.0025838503140047527,-0.06702963430971824,0.0684473339694216,0.08901571302290917,4.9515488544522865
oof,enet,extreme,> 0.5,1,1.0,0.0017700862456948,-0.9982299137543053,0.9982299137543053,0.9964629607139277,55.42880985919143
oof,et,y=0,y == 0,18541,0.0,0.002371109671903219,0.002371109671903219,0.002454612549474629,0.11171180124219884,6.238290903676283
oof,et,very_small,"(0, 0.005]",3061,0.0028828975500956046,0.002655760060962482,-0.00022713748913312257,0.0011729064689301727,0.004211047039251092,0.2351563232156506
oof,et,small,"(0.005, 0.01]",2239,0.007307517744365402,0.002673120055224574,-0.00463439768914083,0.004859954945069248,0.052883303870482706,2.9531475620586596
oof,et,medium,"(0.01, 0.05]",2326,0.01649097435008248,0.0026521449373665272,-0.013838829412715952,0.015202642358525784,0.5375858984685699,30.020259122760443
oof,et,large,"(0.05, 0.5]",19,0.06961348462372297,0.0026544361704670056,-0.06695904845325598,0.06839303103505591,0.08887452718908027,4.962995389628874
oof,et,extreme,> 0.5,1,1.0,0.0022640025846488,-0.9977359974153512,0.9977359974153512,0.9954771205384058,55.590150698660075
oof,catboost,y=0,y == 0,18541,0.0,0.0022545484121045743,0.0022545484121045743,0.002493726224973432,0.11530036946461446,6.454476290525111
oof,catboost,very_small,"(0, 0.005]",3061,0.0028828975500956046,0.0027932320469044513,-8.966550319115402e-05,0.0013132713898997704,0.00527925081694311,0.2955307028756065
oof,catboost,small,"(0.005, 0.01]",2239,0.007307517744365402,0.00281962415039234,-0.004487893593973063,0.004749909579565663,0.05051551423045718,2.8278416662336405
oof,catboost,medium,"(0.01, 0.05]",2326,0.01649097435008248,0.0027883637109652262,-0.013702610639117254,0.015092204663693114,0.5298038163867212,29.65824123007069
oof,catboost,large,"(0.05, 0.5]",19,0.06961348462372297,0.0027555680920418155,-0.06685791653168116,0.06830701482742722,0.0886511172180529,4.962660023288922
oof,catboost,extreme,> 0.5,1,1.0,0.0015948587786778,-0.9984051412213222,0.9984051412213222,0.9968128260171683,55.80125008700604
oof,_stacking,y=0,y == 0,18541,0.0,0.0023226787849982547,0.0023226787849982547,0.0025817735392587348,0.12358604798723528,6.955430983667756
oof,_stacking,very_small,"(0, 0.005]",3061,0.0028828975500956046,0.00296983924162557,8.694169152996508e-05,0.0012721692940533872,0.004953967435673549,0.2788096160961781
oof,_stacking,small,"(0.005, 0.01]",2239,0.007307517744365402,0.003002457015920919,-0.004305060728444483,0.004574928488156052,0.04686220433402993,2.637407970368524
oof,_stacking,medium,"(0.01, 0.05]",2326,0.01649097435008248,0.0029808185927009006,-0.013510155757381579,0.014916480314164385,0.5175382214235975,29.127085452993796
oof,_stacking,large,"(0.05, 0.5]",19,0.06961348462372297,0.002953071930338347,-0.06666041269338463,0.0681021720231684,0.08812021085119118,4.959411315628576
oof,_stacking,extreme,> 0.5,1,1.0,0.0021185503839812,-0.9978814496160188,0.9978814496160188,0.995767387487767,56.041854661245175
val,zit_only,y=0,y == 0,6178,0.0,0.002167043649752162,0.002167043649752162,0.0024707402248740377,0.03771395474493195,13.259562589329542
val,zit_only,very_small,"(0, 0.005]",997,0.0029492540375784236,0.0028588679793351353,-9.038605824328866e-05,0.0012870293389534123,0.0016514751857688767,0.5806296035122043
val,zit_only,small,"(0.005, 0.01]",773,0.0072615829198966406,0.002864754585498741,-0.004396828334397901,0.0046714650594967206,0.016868858825022297,5.9307938113014975
val,zit_only,medium,"(0.01, 0.05]",771,0.01643599499352058,0.0028666340852941054,-0.013569360908226476,0.014855154334269717,0.1701408955374237,59.81854378945004
val,zit_only,large,"(0.05, 0.5]",8,0.07961976175137303,0.002999263131968225,-0.0766204986194048,0.0851859459536075,0.058053163104087493,20.410470206406714
val,bag_zit_combined_best,y=0,y == 0,6178,0.0,0.0022208975072121272,0.0022208975072121272,0.0024578918626859524,0.037322733820688014,13.115999609158868
val,bag_zit_combined_best,very_small,"(0, 0.005]",997,0.0029492540375784236,0.0028443931464856914,-0.000104860891092732,0.0013094019252949778,0.0017093898017602957,0.600715801781931
val,bag_zit_combined_best,small,"(0.005, 0.01]",773,0.0072615829198966406,0.0028519798537907327,-0.004409603066105908,0.004690375003913078,0.01700570446457811,5.976164934285781
val,bag_zit_combined_best,medium,"(0.01, 0.05]",771,0.01643599499352058,0.002868749698316782,-0.0135672452952038,0.014868386913029247,0.17044414456396084,59.897684457540024
val,bag_zit_combined_best,large,"(0.05, 0.5]",8,0.07961976175137303,0.00301657913978105,-0.07660318261159196,0.08520332162253395,0.058076848124103686,20.409435197233385
val,bag_zit_combined_best_xy,y=0,y == 0,6178,0.0,0.0022237757072454383,0.0022237757072454383,0.0024613652398167273,0.03742829381686083,13.145849255024343
val,bag_zit_combined_best_xy,very_small,"(0, 0.005]",997,0.0029492540375784236,0.002845104271733373,-0.00010414976584505043,0.0013159133161304698,0.0017264329720027814,0.6063708837464642
val,bag_zit_combined_best_xy,small,"(0.005, 0.01]",773,0.0072615829198966406,0.0028503008907506916,-0.00441128202914595,0.0046907746397685446,0.01700860247540699,5.973890374869543
val,bag_zit_combined_best_xy,medium,"(0.01, 0.05]",771,0.01643599499352058,0.002864016173579585,-0.013571978819940997,0.014872390245423446,0.17053594153298035,59.89692693248797
val,bag_zit_combined_best_xy,large,"(0.05, 0.5]",8,0.07961976175137303,0.0030422447896803996,-0.07657751696169263,0.0851589741765945,0.058016407062479104,20.376962553871678
val,bag_zit_pp_hpo,y=0,y == 0,6178,0.0,0.0022618007291519324,0.0022618007291519324,0.0024753098837134425,0.03785358842808961,13.294028728789183
val,bag_zit_pp_hpo,very_small,"(0, 0.005]",997,0.0029492540375784236,0.002856768895280414,-9.248514229800992e-05,0.0012726777945018752,0.001614849642312303,0.5671287301693243
val,bag_zit_pp_hpo,small,"(0.005, 0.01]",773,0.0072615829198966406,0.0028641122868225902,-0.00439747063307405,0.0046666678692421195,0.01683423089840437,5.912114504430687
val,bag_zit_pp_hpo,medium,"(0.01, 0.05]",771,0.01643599499352058,0.0028633734802702253,-0.013572621513250355,0.014857303048768807,0.17019011894375824,59.77008850541238
val,bag_zit_pp_hpo,large,"(0.05, 0.5]",8,0.07961976175137303,0.0029004787108723,-0.07671928304050073,0.08532914110432181,0.058248498572810094,20.456639531198423
val,bag_zit_hpo,y=0,y == 0,6178,0.0,0.0022172524509269102,0.0022172524509269102,0.0024096036915590697,0.03587064151341734,12.6011708819643
val,bag_zit_hpo,very_small,"(0, 0.005]",997,0.0029492540375784236,0.002767102370076732,-0.00018215166750169145,0.001245055245272681,0.0015455120760896725,0.5429304007195047
val,bag_zit_hpo,small,"(0.005, 0.01]",773,0.0072615829198966406,0.0027713579883845447,-0.004490224931512097,0.004747376888472191,0.017421554999287527,6.1201021870056636
val,bag_zit_hpo,medium,"(0.01, 0.05]",771,0.01643599499352058,0.002797248377391956,-0.013638746616128626,0.01491564688260924,0.17152939840547857,60.25739070709054
val,bag_zit_hpo,large,"(0.05, 0.5]",8,0.07961976175137303,0.0028686533767766503,-0.07675110837459637,0.08536251469132874,0.05829407131541852,20.478405823219987
val,bag_zit_fixed_ge,y=0,y == 0,6178,0.0,0.002174304973539702,0.002174304973539702,0.0025273941626576925,0.039463341903728716,13.834879917774973
val,bag_zit_fixed_ge,very_small,"(0, 0.005]",997,0.0029492540375784236,0.002943094343282231,-6.1596942961929305e-06,0.001414507552478223,0.0019948291211698793,0.699338170983898
val,bag_zit_fixed_ge,small,"(0.005, 0.01]",773,0.0072615829198966406,0.0029302713964069384,-0.004331311523489702,0.004645176493356935,0.016679534777878896,5.847435863370268
val,bag_zit_fixed_ge,medium,"(0.01, 0.05]",771,0.01643599499352058,0.0029475116915537686,-0.01348848330196681,0.01480364158414326,0.16896295700101893,59.2342692710575
val,bag_zit_fixed_ge,large,"(0.05, 0.5]",8,0.07961976175137303,0.0030359008333315876,-0.07658386091804144,0.08525301812532965,0.05814461679582228,20.384076776813387
val,lgbm,y=0,y == 0,6178,0.0,0.0022639857312722984,0.0022639857312722984,0.0024631944600032756,0.03748394588345173,13.076607082076462
val,lgbm,very_small,"(0, 0.005]",997,0.0029492540375784236,0.00276563815995491,-0.00018361587762351413,0.001290027045731448,0.0016591772693824514,0.5788187107805344
val,lgbm,small,"(0.005, 0.01]",773,0.0072615829198966406,0.0027769410018692754,-0.004484641918027366,0.004743971812444252,0.01739657259476631,6.068948693499449
val,lgbm,medium,"(0.01, 0.05]",771,0.01643599499352058,0.0027896015372379764,-0.013646393456282603,0.014924922646917079,0.17174280664868935,59.914001815625625
val,lgbm,large,"(0.05, 0.5]",8,0.07961976175137303,0.00276663554750555,-0.07685312620386747,0.0854154284841361,0.05836636338502855,20.361623698017937
val,enet,y=0,y == 0,6178,0.0,0.002388038875208065,0.002388038875208065,0.002491491689226401,0.03835012551397754,13.147180689154263
val,enet,very_small,"(0, 0.005]",997,0.0029492540375784236,0.002621014463754172,-0.00032823957382425203,0.0013060867680104173,0.0017007450576351818,0.5830490064697761
val,enet,small,"(0.005, 0.01]",773,0.0072615829198966406,0.002622133251867116,-0.004639449668029525,0.0048892125183851816,0.018478100465599265,6.334657901576779
val,enet,medium,"(0.01, 0.05]",771,0.01643599499352058,0.0026503380426782493,-0.013785656950842332,0.015050942235846356,0.17465529474601021,59.87528561037909
val,enet,large,"(0.05, 0.5]",8,0.07961976175137303,0.0026397975010584752,-0.07697996425031456,0.08552354116474867,0.05851420874686767,20.059826792420093
val,et,y=0,y == 0,6178,0.0,0.002387271039804845,0.002387271039804845,0.0024651045807798527,0.03754210339085524,12.975701685769446
val,et,very_small,"(0, 0.005]",997,0.0029492540375784236,0.00265905747187472,-0.0002901965657037035,0.0012095654272250547,0.001458659377169915,0.5041573920953367
val,et,small,"(0.005, 0.01]",773,0.0072615829198966406,0.0026691786121547526,-0.004592404307741888,0.0048238155105987555,0.01798708857006659,6.216889156443732
val,et,medium,"(0.01, 0.05]",771,0.01643599499352058,0.002669353395185323,-0.013766641598335256,0.015021384133406217,0.17396996756946134,60.129353381254184
val,et,large,"(0.05, 0.5]",8,0.07961976175137303,0.0027410650784111,-0.07687869667296192,0.08541689798489385,0.058368371690894115,20.173898384437297
val,catboost,y=0,y == 0,6178,0.0,0.0022697620809946513,0.0022697620809946513,0.002491688065855068,0.038356171181466794,13.38352149993828
val,catboost,very_small,"(0, 0.005]",997,0.0029492540375784236,0.0028049638219893704,-0.0001442902155890533,0.0012977771900979894,0.0016791729582332168,0.5859095602192953
val,catboost,small,"(0.005, 0.01]",773,0.0072615829198966406,0.0028116890540812937,-0.004449893865815347,0.004717931291014197,0.01720611089038298,6.003684620717052
val,catboost,medium,"(0.01, 0.05]",771,0.01643599499352058,0.0028249951993183247,-0.013610999794202256,0.01489254220668059,0.1709984041142551,59.666039321048565
val,catboost,large,"(0.05, 0.5]",8,0.07961976175137303,0.0028538062339675,-0.07676595551740553,0.08540539959576125,0.058352658240893245,20.360844998076793
val,_stacking,y=0,y == 0,6178,0.0,0.0023316999334533945,0.0023316999334533945,0.002577217492360238,0.04103458491808666,14.466006113333751
val,_stacking,very_small,"(0, 0.005]",997,0.0029492540375784236,0.00299715260453259,4.789856695416638e-05,0.0012606455790822215,0.001584459594231371,0.558572780064326
val,_stacking,small,"(0.005, 0.01]",773,0.0072615829198966406,0.0029952120749104673,-0.004266370844986174,0.004545842049920714,0.01597379759580555,5.63127552369192
val,_stacking,medium,"(0.01, 0.05]",771,0.01643599499352058,0.003012245399417443,-0.013423749594103137,0.014721207742934082,0.16708646116358988,58.903331749858374
val,_stacking,large,"(0.05, 0.5]",8,0.07961976175137303,0.0031293192025053126,-0.07649044254886772,0.08513434482468639,0.05798285334982885,20.44081383305165
