feature,lgbm_gain,lgbm_rank
X1066,663.9583436965943,1
X592,530.900780081749,2
X1064,509.485943031311,3
X1060,489.8642327666283,4
X1070,470.3119222164154,5
X1071,451.05803236961367,6
X1049,439.51335921287534,7
X727,436.84012923240664,8
X1068,417.53184018135073,9
die_y,408.29780700206754,10
X1063,378.30185213088987,11
X1003,368.40654311180117,12
X726,351.30252981185913,13
X718,312.1519336223602,14
X1029,277.35020904541017,15
die_x,267.3038716673851,16
X594,250.2348461151123,17
X831,249.66564025878907,18
X995,244.4539375782013,19
X723,227.17631800174712,20
X1002,217.51639914512634,21
X557,214.39851722717285,22
X732,191.71873831748962,23
X1014,186.67996531128884,24
X731,179.3977730512619,25
X1001,171.2205270767212,26
X243,170.56815271377565,27
X400,168.86998567581176,28
X1031,166.59329481124877,29
X719,155.16537408828736,30
X1004,141.43649559020997,31
X1016,139.55582902431487,32
X589,139.47105436325074,33
X998,136.03408575057983,34
X893,134.17259063720704,35
X768,133.38063720464706,36
X561,128.37485122680664,37
X1073,127.34410943984986,38
X573,126.53628635406494,39
X722,120.48625043034554,40
X240,120.13638792037963,41
X1007,114.77594628334046,42
X999,111.5453950881958,43
X849,108.23995590209961,44
X833,103.01970953941345,45
X660,100.95048751831055,46
X828,97.16492903232574,47
X48,95.64125499725341,48
X572,95.4885365486145,49
X1076,95.13512420654297,50
X854,93.73232684135436,51
X1032,92.77171468734741,52
X550,91.70477609634399,53
X1006,89.90942218303681,54
X870,89.39362449645996,55
X34,88.83348479270936,56
X45,87.35578603744507,57
X293,87.1001314163208,58
X842,86.95960832536221,59
X1030,86.6460515499115,60
X574,82.84697151184082,61
X397,82.62394824028016,62
X255,82.3808183670044,63
X1077,82.25253200531006,64
X295,82.1846257686615,65
X1075,81.63640174865722,66
X1058,81.4189398765564,67
X67,81.36733951568604,68
X875,80.99867630004883,69
X713,75.74025392532349,70
X1059,75.53946182727813,71
X824,75.39029998779297,72
X578,75.2803729057312,73
X586,75.22119617462158,74
X880,75.05553090572357,75
X865,74.90009231567383,76
X581,74.55930805206299,77
X1083,74.48215017318725,78
X29,74.32150356769561,79
X337,73.92100954055786,80
X810,73.88174201250077,81
X898,73.77352504730224,82
X79,73.64119052886963,83
X682,72.58462009429931,84
X886,72.22778391838074,85
X838,72.18766765594482,86
X832,71.88400039672851,87
X856,71.79619808197022,88
X826,70.9015977859497,89
X661,70.06992721557617,90
X817,70.01307778358459,91
X835,68.91104030609131,92
X905,68.40584754943848,93
X580,68.10907363891602,94
X689,67.93428058624268,95
X294,67.77671756744385,96
X860,67.49106369018554,97
X895,67.39288835525512,98
X562,67.27034997940063,99
X1017,66.14040665626526,100
X85,66.0278842151165,101
X837,64.8762580871582,102
X398,64.69058685302734,103
X1033,63.71799457669258,104
X314,62.937926578521726,105
X867,61.73456230163574,106
X590,60.033080267906186,107
X28,59.44549994468689,108
X608,59.26587963104248,109
X318,59.24080023765564,110
X292,58.771329975128175,111
X1018,58.741480350494385,112
X587,58.32358121871948,113
X202,57.81960182189941,114
X190,57.712787532806395,115
X982,57.320686149597165,116
X330,56.66290683746338,117
X271,55.9062216758728,118
X721,55.904273653030394,119
X839,55.17072010040283,120
X1085,53.75531611442566,121
X391,52.97610015869141,122
X78,52.844367790222165,123
X483,52.32501215934754,124
X122,52.09745397567749,125
X997,52.09155967235565,126
X735,51.939383602142335,127
X64,51.798780059814455,128
X601,51.54926643371582,129
X843,51.50742816925049,130
X576,51.0932776927948,131
X583,51.05273971557617,132
X116,50.214196133613584,133
X405,50.04899158477783,134
X888,49.53505353927612,135
X803,49.51932010650635,136
X305,49.26565408706665,137
X409,49.25903797149658,138
X155,48.98642444610596,139
X863,48.75676593780518,140
X1000,47.399976539611814,141
X317,47.35599193572998,142
X836,46.919777965545656,143
X868,46.919540596008304,144
X66,46.737485790252684,145
X1015,46.72613110542297,146
X890,46.70910587310791,147
X873,46.244167995452884,148
X750,46.096851921081544,149
X606,45.87667446136474,150
X145,45.608073997497556,151
X129,45.49777193069458,152
X665,45.37780408859253,153
X804,45.2892861366272,154
X840,45.1602560043335,155
X834,44.9306137084961,156
X1044,44.40911026000977,157
X853,44.145960330963135,158
X549,43.89084279537201,159
X121,43.76885938942432,160
X75,43.73367176055908,161
X753,43.133118057250975,162
X738,43.07258996963501,163
X571,42.90102620124817,164
X649,42.54363956451416,165
X191,42.397700500488284,166
X355,42.36210956573486,167
X53,41.930733343958856,168
X59,41.68951964378357,169
X802,41.60644035339355,170
X910,41.354600524902345,171
X664,40.741422176361084,172
X274,40.213933849334715,173
X58,40.18195185661316,174
X878,40.077219772338864,175
X748,39.34339065551758,176
X769,39.22239990234375,177
X577,39.08849983215332,178
X973,38.95742650032044,179
X830,38.941973972320554,180
X485,38.87397212982178,181
X613,38.47985258102417,182
X340,38.09420585632324,183
X1005,37.84970598220825,184
X751,37.40872020721436,185
X200,37.40796236991882,186
X195,37.36614146232605,187
X667,37.25436573028564,188
X69,37.08891801834106,189
X71,36.548889827728274,190
X264,36.344223976135254,191
X396,36.19580774307251,192
X812,35.93804507255554,193
X80,35.80764999389648,194
X81,35.50177574157715,195
X57,35.47052211761475,196
X19,35.009537887573245,197
X165,34.65339579582214,198
X811,34.54355602264404,199
X730,34.5319785952568,200
X931,34.43632583618164,201
X785,34.40376358032226,202
X361,34.40219578742981,203
X95,34.243670272827146,204
X1045,34.10193977355957,205
X670,34.01951189041138,206
X816,33.66548233032226,207
X16,33.56114194393158,208
X595,33.40953993797302,209
X894,33.366905784606935,210
X752,33.33799324035645,211
X733,33.15361795425415,212
X486,33.097808074951175,213
X903,32.94443878829479,214
X983,32.82188034057617,215
X83,32.72864722013473,216
X821,32.38419427871704,217
X392,32.29130210876465,218
X588,32.18459968566894,219
X644,31.885204124450684,220
X857,31.700343513488768,221
X652,31.67445993423462,222
X189,31.51254472732544,223
X800,31.501242256164552,224
X54,31.468880701065064,225
X891,31.360659790039062,226
X466,31.346240425109862,227
X482,31.33898205757141,228
X1013,31.30461196899414,229
X560,31.285623836517335,230
X825,31.25165386199951,231
X851,31.246425819396972,232
X55,31.142999765276908,233
X904,31.12850227355957,234
X852,30.85196590423584,235
X41,30.848763847351073,236
X584,30.751201820373534,237
X844,30.697987937927245,238
X690,30.649320316314697,239
X184,30.572431921958923,240
X481,30.293134021759034,241
X668,30.235132217407227,242
X260,29.9939395904541,243
X892,29.924494552612305,244
X24,29.7256902217865,245
X173,29.64877052307129,246
X734,29.645507717132567,247
X761,29.50671796798706,248
X269,29.174812221527098,249
X874,29.146421718597413,250
X901,28.985839462280275,251
X123,28.944778156280517,252
X829,28.823239707946776,253
X63,28.290122032165527,254
X582,28.088311767578126,255
X193,27.86906409263611,256
X127,27.75004372596741,257
X56,27.60903968811035,258
X376,27.509639930725097,259
X266,27.302224349975585,260
X792,27.231129550933836,261
X745,26.965557909011842,262
X18,26.59840033054352,263
X62,26.350447607040405,264
X46,26.243546152114867,265
X744,26.06610984802246,266
X166,25.882917976379396,267
X40,25.81775188446045,268
X884,25.816060256958007,269
X411,25.636759757995605,270
X403,25.584216499328612,271
X773,25.543637895584105,272
X650,25.437440586090087,273
X782,25.280092239379883,274
X809,25.147796535491942,275
X807,24.876526069641113,276
X818,24.618594217300416,277
X911,24.50946649312973,278
X669,24.39789581298828,279
X60,24.358805894851685,280
X77,24.272045803070068,281
X784,24.143280220031738,282
X805,24.05240993499756,283
X207,23.989135789871217,284
X484,23.910815238952637,285
X415,23.900632095336913,286
X889,23.898051738739014,287
X174,23.649892234802245,288
X35,23.588595867156982,289
X342,23.5304162979126,290
X570,23.51863775253296,291
X285,23.43169994354248,292
X408,23.342173957824706,293
X160,23.19716594219208,294
X110,23.03209581375122,295
X877,22.88387198448181,296
X855,22.874381828308106,297
X909,22.725570487976075,298
X130,22.70285643339157,299
X389,22.69699172973633,300
X497,22.591359519958495,301
X36,22.54552587866783,302
X5,22.428732109069824,303
X105,22.420708084106444,304
X27,22.324104070663452,305
X120,22.239657974243165,306
X365,21.99600009918213,307
X146,21.96023769378662,308
X161,21.883434104919434,309
X406,21.818980026245118,310
X841,21.267092084884645,311
X74,21.035176086425782,312
X117,21.007087993621827,313
X197,20.99273278713226,314
X431,20.97112386226654,315
X429,20.746415615081787,316
X154,20.605100059509276,317
X808,20.554650211334227,318
X885,20.29685001373291,319
X979,20.236359786987304,320
X210,20.14233179092407,321
X951,20.085602283477783,322
X1079,19.276764011383058,323
X76,19.24439196586609,324
X209,19.144144153594972,325
X1008,19.091105937957764,326
X267,19.070186138153076,327
X882,18.98748016357422,328
X724,18.88705997467041,329
X632,18.85582399368286,330
X799,18.50817985534668,331
X932,18.459051871299742,332
X823,18.29812593460083,333
X38,18.180192232131958,334
X795,18.091823768615722,335
X128,18.07089614868164,336
X275,17.970196318626403,337
X11,17.935606002807617,338
X65,17.838107776641845,339
X399,17.63866024017334,340
X887,17.63152437210083,341
X788,17.42466163635254,342
X319,17.339599990844725,343
X1012,17.249799919128417,344
X14,17.210819816589357,345
X929,16.99818000793457,346
X61,16.830233764648437,347
X126,16.76822986602783,348
X203,16.76194405555725,349
X177,16.504844093322752,350
X187,16.091275691986084,351
X641,16.08007392883301,352
X847,15.960741806030274,353
X967,15.802260208129884,354
X755,15.767767453193665,355
X797,15.751920127868653,356
X819,15.746060180664063,357
X12,15.507239723205567,358
X775,15.234494018554688,359
X739,14.890920448303223,360
X628,14.889120101928711,361
X214,14.662623882293701,362
X563,14.494705867767333,363
X73,14.493416023254394,364
X7,14.408889961242675,365
X822,14.36254415512085,366
X881,14.087673759460449,367
X790,14.012346422672271,368
X104,13.92891960144043,369
X213,13.829377603530883,370
X70,13.785002040863038,371
X737,13.688675880432129,372
X766,13.493120193481445,373
X760,13.349977827072143,374
X395,13.288040161132812,375
X678,13.004462099075317,376
X336,12.948913860321046,377
X798,12.888004207611084,378
X1011,12.7913818359375,379
X113,12.669011878967286,380
X815,12.622099876403809,381
X1081,12.52898006439209,382
X814,12.51531982421875,383
X585,12.261983585357665,384
X974,12.194214057922363,385
X390,12.124716186523438,386
X643,12.00686594247818,387
X47,11.858692264556884,388
X850,11.724027919769288,389
X977,11.69524040222168,390
X375,11.591899871826172,391
X637,11.587275505065918,392
X984,11.533571815490722,393
X22,11.08661994934082,394
X950,11.02710027694702,395
X749,11.002739906311035,396
X1042,10.923377990722656,397
X82,10.840811920166015,398
X348,10.764760208129882,399
X820,10.665468215942383,400
X747,10.581084060668946,401
X963,10.550680160522461,402
X883,10.443834018707275,403
X746,10.127657985687256,404
X801,10.01834602355957,405
X956,9.969860076904297,406
X806,9.85911808013916,407
X261,9.787980079650879,408
X780,9.716807746887207,409
X754,9.557812023162843,410
X845,9.461000061035156,411
X975,9.32356014251709,412
X762,9.285722064971925,413
X985,9.043260192871093,414
X925,9.029539871215821,415
X6,9.010479927062988,416
X394,8.903868103027344,417
X779,8.687233924865723,418
X651,8.590039825439453,419
X645,8.51914005279541,420
X111,8.458783721923828,421
X498,8.403670120239259,422
X372,8.321260070800781,423
X758,8.194761848449707,424
X180,8.066004037857056,425
X783,8.058158135414123,426
X388,8.050413990020752,427
X587_missing,7.837640380859375,428
X428,7.813485908508301,429
X791,7.729551982879639,430
X793,7.489974021911621,431
X465,7.462479782104492,432
X928,7.4558000564575195,433
X473,7.307560157775879,434
X589_missing,7.208680152893066,435
X432,7.201828098297119,436
X720,7.187280082702637,437
X434,7.164286088943482,438
X960,7.144759750366211,439
X936,6.839476203918457,440
X435,6.819159698486328,441
X922,6.75713996887207,442
X150,6.727626037597656,443
X344,6.688031959533691,444
X968,6.685300064086914,445
X959,6.626440048217773,446
X848,6.573015975952148,447
X393,6.524507904052735,448
X764,6.357000160217285,449
X387,6.344959831237793,450
X919,6.313480186462402,451
X980,6.297190093994141,452
X846,6.2559000015258786,453
X993,6.128460121154785,454
X332,6.019259834289551,455
X794,6.002775955200195,456
X767,5.987728023529053,457
X941,5.973821926116943,458
X937,5.722360038757325,459
X308,5.715217876434326,460
X915,5.710900115966797,461
X479,5.66851396560669,462
X646,5.540019989013672,463
X962,5.497791862487793,464
X971,5.454685974121094,465
X386,5.436420059204101,466
X940,5.436200141906738,467
X994,5.426420021057129,468
X949,5.233306121826172,469
X917,4.969319915771484,470
X912,4.930067825317383,471
X335,4.870626068115234,472
X320,4.759079933166504,473
X978,4.7319801330566404,474
X926,4.529220008850098,475
X346,4.519418001174927,476
X579,4.449620056152344,477
X969,4.353618049621582,478
X986,4.2575939178466795,479
X1080,4.241565895080567,480
X418,4.167744064331055,481
X636,3.7878799438476562,482
X913,3.7385398864746096,483
X112,3.735540008544922,484
X765,3.564780044555664,485
X495,3.3712398529052736,486
X640,3.349359893798828,487
X976,3.328499984741211,488
X958,3.3235198974609377,489
X939,3.302479934692383,490
X952,3.260380172729492,491
X935,3.2546199798583983,492
X972,3.207059860229492,493
X496,3.1997400283813477,494
X642,3.143560028076172,495
X480,3.0544219970703126,496
X938,3.0006399154663086,497
X379,2.997260093688965,498
X380,2.772019958496094,499
X471,2.752359962463379,500
X425,2.6845399856567385,501
X639,2.34883394241333,502
X944,2.294779968261719,503
X759,2.2218000411987306,504
X923,2.1555599212646483,505
X433,1.9426679611206055,506
X430,1.8422340393066405,507
X916,1.5698820114135743,508
X988,1.4770440101623534,509
X548,1.406439971923828,510
X813,0.9517600059509277,511
X948,0.9128179550170898,512
X992,0.6696579933166504,513
X586_missing,0.6553060054779053,514
X20,0.5627140045166016,515
X476,0.0,516
X364,0.0,517
X366,0.0,518
X367,0.0,519
X474,0.0,520
X369,0.0,521
X647,0.0,522
X954,0.0,523
X373,0.0,524
X763,0.0,525
X374,0.0,526
X945,0.0,527
X368,0.0,528
X946,0.0,529
X961,0.0,530
X1082,0.0,531
X384,0.0,532
X42,0.0,533
X578_missing,0.0,534
X580_missing,0.0,535
X947,0.0,536
X588_missing,0.0,537
X385,0.0,538
X590_missing,0.0,539
X594_missing,0.0,540
X727_missing,0.0,541
position,0.0,542
X914,0.0,543
X981,0.0,544
X991,0.0,545
X964,0.0,546
X990,0.0,547
X302,0.0,548
X996,0.0,549
X989,0.0,550
X472,0.0,551
X933,0.0,552
X987,0.0,553
X469,0.0,554
X512,0.0,555
X21,0.0,556
X514,0.0,557
X516,0.0,558
X942,0.0,559
X930,0.0,560
X957,0.0,561
X611,0.0,562
X966,0.0,563
X468,0.0,564
X927,0.0,565
X470,0.0,566
X965,0.0,567
X924,0.0,568
X943,0.0,569
X477,0.0,570
X796,0.0,571
X921,0.0,572
X920,0.0,573
X918,0.0,574
X467,0.0,575
X970,0.0,576
