die_x,die_y,count,pred_mean,pred_max,pred_std,risk_count,risk_rate,ppm_mean,ppm_max,radial_dist
12,21,5,0.00077012,0.00089007,0.00016742,2,40.0,770.1,890.1,27.005
12,22,2,0.00068178,0.00088063,0.00028121,1,50.0,681.8,880.6,27.005
13,19,234,0.00065327,0.0009004,0.00014871,8,3.42,653.3,900.4,26.12
13,20,454,0.00064542,0.00089571,0.00019555,9,1.98,645.4,895.7,26.043
13,21,574,0.00064389,0.0008768,0.00018621,30,5.23,643.9,876.8,26.005
13,22,386,0.00060346,0.00089832,0.00021052,9,2.33,603.5,898.3,26.005
13,23,451,0.00066482,0.00089635,0.00016043,19,4.21,664.8,896.4,26.043
13,24,145,0.00059053,0.00088001,0.00017478,6,4.14,590.5,880.0,26.12
14,18,533,0.00060557,0.00091899,0.00017788,24,4.5,605.6,919.0,25.244
14,19,611,0.00065969,0.0009014,0.00017568,36,5.89,659.7,901.4,25.125
14,20,549,0.00061809,0.0009037,0.00020201,32,5.83,618.1,903.7,25.045
14,21,599,0.00060098,0.00089737,0.0002271,44,7.35,601.0,897.4,25.005
14,22,560,0.00063708,0.00089613,0.00020088,36,6.43,637.1,896.1,25.005
14,23,469,0.00066882,0.00089608,0.00017985,22,4.69,668.8,896.1,25.045
14,24,490,0.00061863,0.00089316,0.00021892,17,3.47,618.6,893.2,25.125
14,25,290,0.00063449,0.00089716,0.0001533,11,3.79,634.5,897.2,25.244
15,17,403,0.00059507,0.00089551,0.0001952,36,8.93,595.1,895.5,24.418
15,18,509,0.00061592,0.00089135,0.00020624,22,4.32,615.9,891.4,24.254
15,19,501,0.00061942,0.00091387,0.00022296,29,5.79,619.4,913.9,24.13
15,20,528,0.00063741,0.00090318,0.000207,37,7.01,637.4,903.2,24.047
15,21,637,0.00062228,0.00090426,0.00022217,53,8.32,622.3,904.3,24.005
15,22,532,0.00064926,0.00090895,0.00021762,32,6.02,649.3,909.0,24.005
15,23,600,0.00062231,0.00091358,0.00022086,50,8.33,622.3,913.6,24.047
15,24,624,0.00065509,0.00089856,0.00020898,70,11.22,655.1,898.6,24.13
15,25,642,0.00062374,0.00089501,0.00020658,40,6.23,623.7,895.0,24.254
15,26,357,0.0005497,0.00089764,0.00017456,9,2.52,549.7,897.6,24.418
16,16,56,0.0005325,0.00090915,0.00020124,2,3.57,532.5,909.2,23.648
16,17,591,0.00064355,0.00091117,0.00017205,38,6.43,643.6,911.2,23.436
16,18,625,0.00062557,0.0009086,0.00022539,82,13.12,625.6,908.6,23.265
16,19,563,0.0006749,0.00089754,0.00018992,38,6.75,674.9,897.5,23.135
16,20,707,0.00061021,0.00091029,0.0002369,47,6.65,610.2,910.3,23.049
16,21,616,0.00063925,0.00087491,0.00022832,58,9.42,639.2,874.9,23.005
16,22,487,0.00065418,0.00091017,0.00020742,59,12.11,654.2,910.2,23.005
16,23,613,0.00063364,0.00090018,0.0002327,60,9.79,633.6,900.2,23.049
16,24,633,0.00065007,0.00090474,0.00020441,62,9.79,650.1,904.7,23.135
16,25,478,0.00065999,0.00089698,0.0002129,35,7.32,660.0,897.0,23.265
16,26,521,0.00060861,0.0009069,0.00017011,25,4.8,608.6,906.9,23.436
16,27,6,0.00070135,0.00081833,0.0001602,0,0.0,701.4,818.3,23.648
17,16,515,0.00063744,0.00090643,0.00015954,22,4.27,637.4,906.4,22.677
17,17,601,0.00061946,0.00089801,0.00022191,40,6.66,619.5,898.0,22.456
17,18,743,0.00066686,0.00090786,0.00021214,118,15.88,666.9,907.9,22.277
17,19,611,0.00066614,0.0009102,0.00022783,94,15.38,666.1,910.2,22.142
17,20,611,0.00065179,0.0009202,0.00021451,41,6.71,651.8,920.2,22.051
17,21,591,0.0006637,0.00091205,0.00022652,115,19.46,663.7,912.0,22.006
17,22,505,0.00064592,0.00091351,0.00023997,103,20.4,645.9,913.5,22.006
17,23,515,0.00059705,0.00089521,0.0002475,45,8.74,597.0,895.2,22.051
17,24,657,0.00065868,0.00090264,0.00021361,103,15.68,658.7,902.6,22.142
17,25,703,0.00063302,0.00090034,0.00021222,71,10.1,633.0,900.3,22.277
17,26,648,0.00065327,0.00088397,0.00020949,72,11.11,653.3,884.0,22.456
17,27,506,0.00060257,0.00090554,0.00018056,17,3.36,602.6,905.5,22.677
18,15,335,0.00058509,0.00092012,0.00019344,19,5.67,585.1,920.1,21.983
18,16,485,0.00065848,0.00089861,0.00017871,48,9.9,658.5,898.6,21.708
18,17,485,0.00064364,0.00089999,0.00021653,29,5.98,643.6,900.0,21.477
18,18,691,0.00066939,0.00092179,0.00021092,129,18.67,669.4,921.8,21.29
18,19,653,0.00068061,0.00090702,0.0002158,149,22.82,680.6,907.0,21.148
18,20,560,0.00063655,0.00091743,0.0002392,76,13.57,636.6,917.4,21.054
18,21,629,0.00064194,0.0008974,0.00024263,58,9.22,641.9,897.4,21.006
18,22,680,0.00063399,0.00089992,0.00021757,53,7.79,634.0,899.9,21.006
18,23,588,0.00062734,0.00090108,0.00024907,65,11.05,627.3,901.1,21.054
18,24,645,0.00062411,0.00090692,0.00024076,79,12.25,624.1,906.9,21.148
18,25,459,0.00066511,0.00091639,0.00022423,72,15.69,665.1,916.4,21.29
18,26,661,0.00063456,0.00091312,0.00024571,88,13.31,634.6,913.1,21.477
18,27,653,0.00064226,0.00090437,0.00020951,76,11.64,642.3,904.4,21.708
18,28,337,0.00060546,0.00088149,0.00017436,20,5.93,605.5,881.5,21.983
19,15,598,0.00063558,0.00090027,0.0001785,42,7.02,635.6,900.3,21.03
19,16,639,0.00066309,0.00089847,0.00020243,60,9.39,663.1,898.5,20.742
19,17,739,0.0006473,0.0009061,0.00021995,72,9.74,647.3,906.1,20.5
19,18,745,0.00065939,0.00091155,0.00022674,121,16.24,659.4,911.6,20.304
19,19,599,0.00065987,0.00091407,0.00024502,85,14.19,659.9,914.1,20.156
19,20,645,0.0006535,0.00090963,0.00021036,106,16.43,653.5,909.6,20.056
19,21,693,0.00065535,0.00090963,0.00023307,147,21.21,655.3,909.6,20.006
19,22,649,0.00062943,0.00090968,0.00025625,78,12.02,629.4,909.7,20.006
19,23,516,0.00063385,0.00092198,0.00024987,58,11.24,633.8,922.0,20.056
19,24,746,0.00064775,0.00091479,0.00024572,131,17.56,647.8,914.8,20.156
19,25,559,0.00061011,0.00090165,0.00023093,92,16.46,610.1,901.6,20.304
19,26,601,0.0006698,0.00089434,0.00020046,88,14.64,669.8,894.3,20.5
19,27,700,0.00063375,0.00089376,0.00020729,52,7.43,633.8,893.8,20.742
19,28,534,0.00062782,0.00090569,0.00015757,28,5.24,627.8,905.7,21.03
20,14,252,0.00052452,0.00093121,0.00019311,16,6.35,524.5,931.2,20.427
20,15,655,0.0006351,0.00089757,0.00022392,35,5.34,635.1,897.6,20.081
20,16,618,0.00065426,0.00089804,0.00021231,46,7.44,654.3,898.0,19.78
20,17,544,0.00067625,0.0008977,0.00019125,63,11.58,676.2,897.7,19.526
20,18,652,0.00065925,0.0009043,0.00024171,141,21.63,659.2,904.3,19.32
20,19,603,0.00063085,0.00091151,0.00025234,129,21.39,630.8,911.5,19.164
20,20,534,0.00065259,0.0009101,0.00023306,98,18.35,652.6,910.1,19.059
20,21,707,0.00064522,0.00091382,0.00023693,116,16.41,645.2,913.8,19.007
20,22,732,0.00062359,0.00090458,0.00023463,65,8.88,623.6,904.6,19.007
20,23,585,0.00064002,0.0008881,0.00023909,94,16.07,640.0,888.1,19.059
20,24,657,0.00059446,0.00090939,0.0002447,82,12.48,594.5,909.4,19.164
20,25,498,0.00065473,0.00091638,0.00022005,86,17.27,654.7,916.4,19.32
20,26,645,0.00069796,0.0009306,0.00021138,132,20.47,698.0,930.6,19.526
20,27,646,0.00067046,0.00090636,0.00020272,91,14.09,670.5,906.4,19.78
20,28,558,0.00065689,0.00089289,0.00018486,44,7.89,656.9,892.9,20.081
20,29,313,0.00065546,0.00089529,0.00018346,39,12.46,655.5,895.3,20.427
21,14,592,0.00057764,0.00089315,0.00019072,22,3.72,577.6,893.2,19.5
21,15,622,0.00065694,0.00089102,0.00020361,62,9.97,656.9,891.0,19.138
21,16,752,0.00067986,0.00090222,0.00021125,136,18.09,679.9,902.2,18.822
21,17,719,0.00066524,0.00090743,0.00022119,85,11.82,665.2,907.4,18.554
21,18,662,0.00069604,0.00090588,0.0002208,112,16.92,696.0,905.9,18.337
21,19,688,0.00065981,0.0009241,0.00025488,143,20.78,659.8,924.1,18.173
21,20,627,0.00064624,0.00091197,0.00024175,146,23.29,646.2,912.0,18.062
21,21,682,0.00062926,0.00090711,0.0002392,92,13.49,629.3,907.1,18.007
21,22,720,0.00059318,0.00088766,0.0002636,99,13.75,593.2,887.7,18.007
21,23,548,0.00062925,0.00089796,0.00025525,113,20.62,629.2,898.0,18.062
21,24,642,0.00062073,0.00090789,0.00025506,106,16.51,620.7,907.9,18.173
21,25,588,0.00062213,0.00092188,0.00023555,63,10.71,622.1,921.9,18.337
21,26,756,0.00067779,0.00090308,0.00022099,137,18.12,677.8,903.1,18.554
21,27,620,0.00064015,0.00090704,0.00022017,88,14.19,640.2,907.0,18.822
21,28,458,0.00063724,0.00089363,0.00020598,57,12.45,637.2,893.6,19.138
21,29,636,0.00062244,0.00089397,0.00017601,42,6.6,622.4,894.0,19.5
22,13,3,0.00055816,0.00077012,0.0002577,0,0.0,558.2,770.1,19.007
22,14,547,0.00061333,0.00092936,0.00017797,28,5.12,613.3,929.4,18.581
22,15,462,0.00059534,0.00089767,0.00026311,58,12.55,595.3,897.7,18.2
22,16,639,0.00069677,0.000896,0.00021387,69,10.8,696.8,896.0,17.868
22,17,669,0.00064937,0.00089783,0.00022011,98,14.65,649.4,897.8,17.586
22,18,629,0.00067022,0.00091278,0.00023179,101,16.06,670.2,912.8,17.357
22,19,516,0.00062125,0.00089513,0.00028227,106,20.54,621.2,895.1,17.183
22,20,532,0.00065808,0.00091524,0.00022859,88,16.54,658.1,915.2,17.066
22,21,681,0.00063036,0.00091093,0.00023181,124,18.21,630.4,910.9,17.007
22,22,668,0.0006121,0.00090309,0.00023868,58,8.68,612.1,903.1,17.007
22,23,640,0.00063425,0.00090263,0.00024661,92,14.37,634.2,902.6,17.066
22,24,685,0.00065596,0.00091329,0.00021283,104,15.18,656.0,913.3,17.183
22,25,590,0.0006704,0.00090757,0.00022573,75,12.71,670.4,907.6,17.357
22,26,855,0.0006469,0.0009049,0.00022331,132,15.44,646.9,904.9,17.586
22,27,634,0.00064914,0.00091549,0.00019426,61,9.62,649.1,915.5,17.868
22,28,562,0.00062713,0.00090374,0.00020067,28,4.98,627.1,903.7,18.2
22,29,641,0.00065167,0.00089321,0.00015824,22,3.43,651.7,893.2,18.581
22,30,23,0.00053791,0.00090135,0.0001162,1,4.35,537.9,901.4,19.007
23,13,365,0.00061505,0.00088963,0.00016141,5,1.37,615.1,889.6,18.118
23,14,643,0.00063425,0.00088863,0.00018104,27,4.2,634.2,888.6,17.671
23,15,654,0.00064981,0.00089935,0.00021536,47,7.19,649.8,899.4,17.27
23,16,657,0.00069512,0.00090873,0.00019592,102,15.53,695.1,908.7,16.919
23,17,708,0.00069663,0.00091728,0.00019724,120,16.95,696.6,917.3,16.621
23,18,712,0.00068826,0.00090469,0.00022782,184,25.84,688.3,904.7,16.378
23,19,666,0.00068355,0.00090206,0.00023871,158,23.72,683.6,902.1,16.194
23,20,591,0.00064385,0.00090709,0.00024787,117,19.8,643.8,907.1,16.07
23,21,696,0.00063046,0.00091161,0.00024185,136,19.54,630.5,911.6,16.008
23,22,658,0.00058011,0.0009035,0.00028148,106,16.11,580.1,903.5,16.008
23,23,595,0.00064196,0.00091387,0.00024614,119,20.0,642.0,913.9,16.07
23,24,626,0.0006447,0.00091201,0.00022911,102,16.29,644.7,912.0,16.194
23,25,726,0.00064925,0.00090916,0.00021164,111,15.29,649.2,909.2,16.378
23,26,792,0.00062804,0.00090456,0.00024394,125,15.78,628.0,904.6,16.621
23,27,576,0.00060701,0.0009077,0.00022592,48,8.33,607.0,907.7,16.919
23,28,625,0.00063515,0.00089707,0.00021559,51,8.16,635.2,897.1,17.27
23,29,485,0.00066282,0.00090684,0.00016672,57,11.75,662.8,906.8,17.671
23,30,436,0.00059796,0.00090818,0.00016382,6,1.38,598.0,908.2,18.118
24,13,554,0.00063196,0.00093095,0.00016985,22,3.97,632.0,931.0,17.241
24,14,670,0.00059129,0.00088951,0.00022266,34,5.07,591.3,889.5,16.771
24,15,567,0.00063785,0.00092986,0.00023497,94,16.58,637.8,929.9,16.348
24,16,654,0.00065087,0.00091678,0.00022649,37,5.66,650.9,916.8,15.977
24,17,767,0.00062109,0.00091331,0.00023987,124,16.17,621.1,913.3,15.66
24,18,650,0.00070283,0.00090554,0.00020325,143,22.0,702.8,905.5,15.403
24,19,566,0.00063915,0.00091549,0.00024494,125,22.08,639.2,915.5,15.207
24,20,494,0.00069313,0.00090437,0.00019911,85,17.21,693.1,904.4,15.075
24,21,644,0.00061172,0.00092713,0.00024291,83,12.89,611.7,927.1,15.008
24,22,813,0.0006466,0.00090656,0.00022625,99,12.18,646.6,906.6,15.008
24,23,628,0.00060499,0.00092359,0.0002333,79,12.58,605.0,923.6,15.075
24,24,784,0.00067603,0.00089492,0.0002095,156,19.9,676.0,894.9,15.207
24,25,676,0.00063485,0.00093677,0.00024056,89,13.17,634.8,936.8,15.403
24,26,706,0.00062214,0.00090562,0.00023984,84,11.9,622.1,905.6,15.66
24,27,681,0.00067078,0.00090464,0.00018275,77,11.31,670.8,904.6,15.977
24,28,710,0.00063499,0.00091834,0.00021474,50,7.04,635.0,918.3,16.348
24,29,514,0.00065131,0.00088139,0.00020247,40,7.78,651.3,881.4,16.771
24,30,527,0.00061518,0.00088827,0.00018814,48,9.11,615.2,888.3,17.241
25,13,575,0.00061626,0.00090871,0.00019514,30,5.22,616.3,908.7,16.378
25,14,714,0.00061822,0.00088978,0.00020755,29,4.06,618.2,889.8,15.882
25,15,542,0.00065461,0.00091514,0.00022358,52,9.59,654.6,915.1,15.435
25,16,638,0.00064312,0.00089999,0.00023083,90,14.11,643.1,900.0,15.042
25,17,570,0.0006735,0.00091254,0.00020128,68,11.93,673.5,912.5,14.705
25,18,604,0.00067787,0.00091417,0.00020696,105,17.38,677.9,914.2,14.431
25,19,719,0.00064459,0.00090591,0.00024913,171,23.78,644.6,905.9,14.221
25,20,545,0.00066101,0.000912,0.00021555,110,20.18,661.0,912.0,14.08
25,21,585,0.00065892,0.00093296,0.00023939,117,20.0,658.9,933.0,14.009
25,22,817,0.00063076,0.00090958,0.00026055,185,22.64,630.8,909.6,14.009
25,23,620,0.00062124,0.00090322,0.0002231,90,14.52,621.2,903.2,14.08
25,24,615,0.00061576,0.00090801,0.00024317,97,15.77,615.8,908.0,14.221
25,25,685,0.00065103,0.00090155,0.00022552,146,21.31,651.0,901.6,14.431
25,26,811,0.0006015,0.00090877,0.00024735,114,14.06,601.5,908.8,14.705
25,27,709,0.00062,0.00091625,0.00020447,33,4.65,620.0,916.2,15.042
25,28,746,0.00064223,0.00090423,0.00020091,61,8.18,642.2,904.2,15.435
25,29,462,0.00066047,0.00089178,0.00019113,59,12.77,660.5,891.8,15.882
25,30,638,0.00063469,0.00092593,0.00017025,30,4.7,634.7,925.9,16.378
26,12,137,0.00059434,0.0008291,0.00017204,0,0.0,594.3,829.1,16.101
26,13,656,0.00061503,0.0009294,0.0001946,24,3.66,615.0,929.4,15.532
26,14,657,0.00059927,0.00089205,0.00024209,57,8.68,599.3,892.0,15.008
26,15,534,0.00061758,0.00092868,0.00024862,71,13.3,617.6,928.7,14.534
26,16,808,0.00066166,0.00090955,0.00020544,78,9.65,661.7,909.6,14.116
26,17,780,0.00062271,0.00089988,0.00023672,119,15.26,622.7,899.9,13.757
26,18,632,0.00066981,0.00090816,0.00021067,128,20.25,669.8,908.2,13.463
26,19,575,0.00069023,0.00091338,0.00021046,156,27.13,690.2,913.4,13.238
26,20,591,0.00062756,0.00091353,0.00023052,86,14.55,627.6,913.5,13.086
26,21,604,0.00064486,0.00090946,0.00025728,84,13.91,644.9,909.5,13.01
26,22,659,0.00066307,0.00090295,0.00020275,123,18.66,663.1,903.0,13.01
26,23,625,0.00060006,0.00089806,0.0002433,82,13.12,600.1,898.1,13.086
26,24,813,0.0006485,0.00091321,0.00021873,99,12.18,648.5,913.2,13.238
26,25,671,0.00063461,0.00089802,0.00022604,89,13.26,634.6,898.0,13.463
26,26,592,0.00068593,0.00089805,0.0001979,85,14.36,685.9,898.0,13.757
26,27,648,0.00065192,0.00090792,0.00019873,59,9.1,651.9,907.9,14.116
26,28,534,0.00064833,0.00090508,0.00021362,74,13.86,648.3,905.1,14.534
26,29,568,0.00064601,0.00088943,0.0002207,67,11.8,646.0,889.4,15.008
26,30,612,0.00061776,0.00090041,0.00018508,33,5.39,617.8,900.4,15.532
26,31,31,0.00064032,0.00091836,0.0001908,1,3.23,640.3,918.4,16.101
27,12,462,0.00060506,0.00089995,0.00018157,18,3.9,605.1,900.0,15.305
27,13,544,0.00061689,0.00089344,0.00020889,32,5.88,616.9,893.4,14.705
27,14,662,0.00063029,0.00089939,0.00023116,85,12.84,630.3,899.4,14.151
27,15,505,0.00064676,0.00090399,0.0002329,69,13.66,646.8,904.0,13.647
27,16,722,0.00061891,0.00090093,0.00023231,79,10.94,618.9,900.9,13.2
27,17,596,0.00061257,0.00091034,0.00025918,71,11.91,612.6,910.3,12.816
27,18,560,0.00062186,0.00091634,0.00024761,92,16.43,621.9,916.3,12.5
27,19,562,0.00061411,0.00091316,0.00026049,110,19.57,614.1,913.2,12.258
27,20,611,0.00064642,0.00091222,0.00024616,151,24.71,646.4,912.2,12.093
27,21,595,0.0007064,0.00091299,0.00020072,126,21.18,706.4,913.0,12.01
27,22,723,0.00064089,0.0009216,0.00023989,136,18.81,640.9,921.6,12.01
27,23,538,0.00063126,0.0009165,0.00022412,59,10.97,631.3,916.5,12.093
27,24,614,0.00059275,0.00090704,0.00025192,73,11.89,592.8,907.0,12.258
27,25,601,0.00068402,0.00090298,0.00022191,123,20.47,684.0,903.0,12.5
27,26,603,0.00063363,0.0009,0.0002425,71,11.77,633.6,900.0,12.816
27,27,694,0.0006278,0.00091865,0.00021129,61,8.79,627.8,918.6,13.2
27,28,648,0.00061962,0.00089658,0.00022195,51,7.87,619.6,896.6,13.647
27,29,487,0.00066135,0.00088946,0.00020807,37,7.6,661.4,889.5,14.151
27,30,621,0.00060053,0.00091044,0.00021945,49,7.89,600.5,910.4,14.705
27,31,393,0.00060984,0.00090222,0.00019316,45,11.45,609.8,902.2,15.305
28,12,494,0.0006368,0.00089223,0.00016596,27,5.47,636.8,892.2,14.534
28,13,556,0.00062494,0.00089687,0.00021945,46,8.27,624.9,896.9,13.901
28,14,694,0.00064631,0.0008976,0.00023151,91,13.11,646.3,897.6,13.314
28,15,484,0.00059801,0.00090616,0.00025091,82,16.94,598.0,906.2,12.777
28,16,664,0.00067774,0.0009106,0.00019407,51,7.68,677.7,910.6,12.298
28,17,702,0.00061411,0.00089735,0.00024265,114,16.24,614.1,897.4,11.885
28,18,667,0.00065982,0.0009145,0.00022707,135,20.24,659.8,914.5,11.543
28,19,604,0.00062822,0.00094156,0.00023881,88,14.57,628.2,941.6,11.281
28,20,609,0.00062687,0.00090986,0.00024311,130,21.35,626.9,909.9,11.102
28,21,667,0.00063223,0.00090745,0.00024845,114,17.09,632.2,907.4,11.011
28,22,595,0.00062462,0.00090414,0.00024769,138,23.19,624.6,904.1,11.011
28,23,565,0.00060882,0.00090829,0.00025915,61,10.8,608.8,908.3,11.102
28,24,741,0.00063085,0.00091193,0.00023107,121,16.33,630.8,911.9,11.281
28,25,544,0.00064145,0.00092327,0.0002331,111,20.4,641.4,923.3,11.543
28,26,740,0.00068664,0.00091199,0.00020489,103,13.92,686.6,912.0,11.885
28,27,614,0.00064134,0.00090505,0.00021586,117,19.06,641.3,905.0,12.298
28,28,637,0.00062117,0.00089622,0.0002088,45,7.06,621.2,896.2,12.777
28,29,566,0.00060923,0.00089287,0.00024553,36,6.36,609.2,892.9,13.314
28,30,708,0.00062063,0.0008962,0.00021454,60,8.47,620.6,896.2,13.901
28,31,528,0.00061964,0.00093874,0.00018629,35,6.63,619.6,938.7,14.534
29,12,473,0.00060452,0.00090508,0.00020096,18,3.81,604.5,905.1,13.793
29,13,545,0.00057684,0.0008962,0.00024234,19,3.49,576.8,896.2,13.124
29,14,602,0.00068246,0.00089913,0.00021124,102,16.94,682.5,899.1,12.5
29,15,425,0.00060973,0.00089461,0.00025241,68,16.0,609.7,894.6,11.927
29,16,658,0.00062575,0.00090223,0.00023626,43,6.53,625.8,902.2,11.413
29,17,636,0.00058341,0.00091094,0.00026416,70,11.01,583.4,910.9,10.966
29,18,602,0.00060115,0.00092283,0.00025929,96,15.95,601.2,922.8,10.595
29,19,561,0.00065284,0.00090413,0.00024417,163,29.06,652.8,904.1,10.308
29,20,702,0.00064405,0.00092797,0.00025063,171,24.36,644.0,928.0,10.112
29,21,558,0.00070429,0.00090766,0.00018936,115,20.61,704.3,907.7,10.012
29,22,648,0.00056614,0.0009101,0.00026757,110,16.98,566.1,910.1,10.012
29,23,520,0.00064641,0.00090691,0.00020575,46,8.85,646.4,906.9,10.112
29,24,632,0.00058791,0.00091263,0.0002328,58,9.18,587.9,912.6,10.308
29,25,663,0.00065526,0.00091256,0.0002217,74,11.16,655.3,912.6,10.595
29,26,702,0.0006666,0.00090464,0.00023067,133,18.95,666.6,904.6,10.966
29,27,651,0.00064768,0.00090921,0.00021149,63,9.68,647.7,909.2,11.413
29,28,769,0.00060443,0.00089825,0.00020596,35,4.55,604.4,898.2,11.927
29,29,610,0.00064642,0.00088927,0.00021334,21,3.44,646.4,889.3,12.5
29,30,583,0.00056904,0.00089799,0.0002264,42,7.2,569.0,898.0,13.124
29,31,483,0.00064742,0.00088407,0.00019302,36,7.45,647.4,884.1,13.793
30,12,545,0.00062333,0.00091124,0.00017257,16,2.94,623.3,911.2,13.086
30,13,483,0.0006219,0.00089493,0.00022301,48,9.94,621.9,894.9,12.379
30,14,590,0.00061555,0.00089948,0.00025154,73,12.37,615.6,899.5,11.715
30,15,505,0.0006009,0.00089193,0.00025542,76,15.05,600.9,891.9,11.102
30,16,690,0.00066501,0.00090991,0.00019725,61,8.84,665.0,909.9,10.548
30,17,571,0.00057961,0.00089772,0.00026536,88,15.41,579.6,897.7,10.062
30,18,672,0.00063849,0.00091703,0.00023062,150,22.32,638.5,917.0,9.657
30,19,596,0.00063306,0.00090457,0.00023735,84,14.09,633.1,904.6,9.341
30,20,516,0.00065052,0.0009037,0.0002373,129,25.0,650.5,903.7,9.124
30,21,709,0.00065039,0.00090613,0.00022831,104,14.67,650.4,906.1,9.014
30,22,713,0.00063367,0.00090342,0.00024105,125,17.53,633.7,903.4,9.014
30,23,541,0.00061739,0.00090785,0.00025984,87,16.08,617.4,907.8,9.124
30,24,743,0.00065146,0.00091642,0.00021061,84,11.31,651.5,916.4,9.341
30,25,567,0.0006567,0.00090334,0.00023233,122,21.52,656.7,903.3,9.657
30,26,706,0.00066383,0.00090926,0.00021728,108,15.3,663.8,909.3,10.062
30,27,646,0.00065519,0.00093816,0.0002328,139,21.52,655.2,938.2,10.548
30,28,657,0.00058462,0.00089686,0.00022476,56,8.52,584.6,896.9,11.102
30,29,621,0.00059662,0.00089459,0.00024004,40,6.44,596.6,894.6,11.715
30,30,701,0.00061215,0.00089225,0.00021663,40,5.71,612.2,892.2,12.379
30,31,585,0.00063437,0.00092919,0.00019117,68,11.62,634.4,929.2,13.086
31,11,16,0.00051296,0.00076071,9.943e-05,0,0.0,513.0,760.7,13.2
31,12,564,0.00062896,0.00094124,0.00019378,13,2.3,629.0,941.2,12.42
31,13,615,0.00062686,0.00089768,0.00021256,38,6.18,626.9,897.7,11.673
31,14,565,0.00064155,0.00089619,0.00022639,88,15.58,641.6,896.2,10.966
31,15,457,0.00058999,0.00089859,0.00028057,69,15.1,590.0,898.6,10.308
31,16,654,0.00061528,0.00091962,0.00025059,84,12.84,615.3,919.6,9.708
31,17,652,0.00060515,0.00089748,0.0002546,88,13.5,605.2,897.5,9.179
31,18,544,0.00060725,0.00091296,0.00024338,95,17.46,607.2,913.0,8.732
31,19,591,0.0006476,0.00090741,0.00024906,149,25.21,647.6,907.4,8.382
31,20,578,0.00067108,0.0009179,0.00023104,127,21.97,671.1,917.9,8.139
31,21,534,0.00068139,0.00092561,0.00019668,90,16.85,681.4,925.6,8.016
31,22,750,0.00055912,0.000928,0.00027988,136,18.13,559.1,928.0,8.016
31,23,588,0.00062622,0.00090983,0.00022752,44,7.48,626.2,909.8,8.139
31,24,581,0.00064207,0.00091235,0.00020667,65,11.19,642.1,912.4,8.382
31,25,515,0.00063859,0.00091835,0.00024479,95,18.45,638.6,918.4,8.732
31,26,601,0.00063911,0.00089791,0.00024481,109,18.14,639.1,897.9,9.179
31,27,720,0.00064629,0.00091452,0.00023124,104,14.44,646.3,914.5,9.708
31,28,702,0.00061272,0.00089092,0.00021655,21,2.99,612.7,890.9,10.308
31,29,764,0.0006513,0.00088103,0.00020207,52,6.81,651.3,881.0,10.966
31,30,660,0.00058646,0.00089885,0.00024441,42,6.36,586.5,898.8,11.673
31,31,594,0.00062496,0.00089192,0.0002038,35,5.89,625.0,891.9,12.42
31,32,38,0.00035685,0.00082967,0.00014811,0,0.0,356.8,829.7,13.2
32,11,38,0.00068393,0.00087615,0.00019983,9,23.68,683.9,876.2,12.619
32,12,609,0.00064238,0.00088555,0.00019236,27,4.43,642.4,885.6,11.8
32,13,662,0.00065277,0.00089686,0.00020404,75,11.33,652.8,896.9,11.011
32,14,613,0.00064115,0.00090107,0.00023132,55,8.97,641.2,901.1,10.259
32,15,514,0.00062103,0.0008947,0.00025332,80,15.56,621.0,894.7,9.552
32,16,737,0.00067232,0.00091427,0.00018665,72,9.77,672.3,914.3,8.902
32,17,536,0.00060882,0.00089963,0.00024483,77,14.37,608.8,899.6,8.322
32,18,673,0.00065181,0.00091359,0.00020767,90,13.37,651.8,913.6,7.826
32,19,584,0.00062712,0.00091161,0.00024489,112,19.18,627.1,911.6,7.433
32,20,531,0.00066053,0.00090317,0.00021786,119,22.41,660.5,903.2,7.159
32,21,621,0.00066068,0.00091012,0.00020596,73,11.76,660.7,910.1,7.018
32,22,557,0.00064726,0.00092135,0.00024118,96,17.24,647.3,921.4,7.018
32,23,415,0.00062563,0.00092124,0.00026423,49,11.81,625.6,921.2,7.159
32,24,708,0.00066074,0.00091319,0.00021011,100,14.12,660.7,913.2,7.433
32,25,632,0.00064116,0.00089893,0.0002381,90,14.24,641.2,898.9,7.826
32,26,724,0.00060003,0.00089841,0.00026868,124,17.13,600.0,898.4,8.322
32,27,614,0.00063965,0.00089799,0.0002446,108,17.59,639.6,898.0,8.902
32,28,702,0.00063617,0.00090529,0.00020555,44,6.27,636.2,905.3,9.552
32,29,764,0.0006265,0.00090593,0.00022188,69,9.03,626.5,905.9,10.259
32,30,569,0.00058318,0.00088697,0.00024093,37,6.5,583.2,887.0,11.011
32,31,665,0.00062719,0.00089402,0.00022348,40,6.02,627.2,894.0,11.8
32,32,123,0.0007121,0.00088208,0.00015696,10,8.13,712.1,882.1,12.619
33,11,163,0.00059319,0.00088838,0.00016375,5,3.07,593.2,888.4,12.093
33,12,598,0.00064369,0.00089259,0.00020421,30,5.02,643.7,892.6,11.236
33,13,612,0.00061096,0.00089632,0.0002345,65,10.62,611.0,896.3,10.404
33,14,621,0.00064745,0.00088951,0.00020777,83,13.37,647.4,889.5,9.605
33,15,441,0.000624,0.00090045,0.00026195,75,17.01,624.0,900.4,8.846
33,16,702,0.00061118,0.00090892,0.00024951,94,13.39,611.2,908.9,8.139
33,17,715,0.00062767,0.00090495,0.0002412,88,12.31,627.7,905.0,7.5
33,18,612,0.00061304,0.00091337,0.00023682,84,13.73,613.0,913.4,6.946
33,19,508,0.00065329,0.00091363,0.00023922,106,20.87,653.3,913.6,6.5
33,20,569,0.00067048,0.00090067,0.00023938,87,15.29,670.5,900.7,6.185
33,21,550,0.00065666,0.00093167,0.0002133,60,10.91,656.7,931.7,6.021
33,22,611,0.00060449,0.00090902,0.00026306,89,14.57,604.5,909.0,6.021
33,23,500,0.00055553,0.00092031,0.00027444,42,8.4,555.5,920.3,6.185
33,24,465,0.0006381,0.00091479,0.00023917,86,18.49,638.1,914.8,6.5
33,25,583,0.00063401,0.00090159,0.00023888,85,14.58,634.0,901.6,6.946
33,26,712,0.00063034,0.00089865,0.0002607,122,17.13,630.3,898.6,7.5
33,27,635,0.00065031,0.00089074,0.00023715,135,21.26,650.3,890.7,8.139
33,28,699,0.00065924,0.00089963,0.00019208,50,7.15,659.2,899.6,8.846
33,29,666,0.00065133,0.00088864,0.00019609,54,8.11,651.3,888.6,9.605
33,30,772,0.00059877,0.00089522,0.00022875,71,9.2,598.8,895.2,10.404
33,31,539,0.000601,0.00089266,0.00022024,40,7.42,601.0,892.7,11.236
33,32,170,0.00064267,0.00092191,0.00017584,21,12.35,642.7,921.9,12.093
34,11,171,0.00066532,0.00089867,0.00015396,7,4.09,665.3,898.7,11.63
34,12,676,0.00065171,0.00089926,0.00018958,64,9.47,651.7,899.3,10.735
34,13,618,0.0006567,0.0008962,0.00020684,77,12.46,656.7,896.2,9.862
34,14,547,0.00064298,0.00090722,0.00023395,50,9.14,643.0,907.2,9.014
34,15,627,0.00063757,0.0008976,0.00025049,55,8.77,637.6,897.6,8.201
34,16,612,0.00063666,0.00090697,0.0002266,56,9.15,636.7,907.0,7.433
34,17,792,0.00062523,0.00090788,0.00024346,120,15.15,625.2,907.9,6.727
34,18,623,0.0006253,0.0009103,0.00022715,80,12.84,625.3,910.3,6.103
34,19,571,0.00064078,0.00092618,0.00022921,90,15.76,640.8,926.2,5.59
34,20,597,0.00065596,0.00091261,0.00022239,106,17.76,656.0,912.6,5.22
34,21,574,0.00064498,0.00089701,0.00022275,59,10.28,645.0,897.0,5.025
34,22,630,0.00066245,0.00092799,0.00023618,102,16.19,662.4,928.0,5.025
34,23,416,0.0006079,0.00090033,0.00024737,27,6.49,607.9,900.3,5.22
34,24,557,0.00063653,0.00090947,0.0002445,77,13.82,636.5,909.5,5.59
34,25,522,0.00059729,0.00090086,0.00027208,72,13.79,597.3,900.9,6.103
34,26,798,0.00060918,0.00091312,0.00026669,115,14.41,609.2,913.1,6.727
34,27,635,0.00064075,0.00089607,0.00026034,163,25.67,640.8,896.1,7.433
34,28,735,0.00061246,0.00089425,0.00023754,89,12.11,612.5,894.2,8.201
34,29,692,0.00064713,0.00088348,0.00021464,40,5.78,647.1,883.5,9.014
34,30,615,0.00059873,0.0008961,0.00024857,66,10.73,598.7,896.1,9.862
34,31,701,0.00064716,0.00090209,0.00020547,56,7.99,647.2,902.1,10.735
34,32,259,0.00064242,0.00090497,0.00016977,19,7.34,642.4,905.0,11.63
35,11,428,0.00061377,0.00090076,0.00017417,39,9.11,613.8,900.8,11.236
35,12,691,0.00062289,0.00090404,0.00020723,46,6.66,622.9,904.0,10.308
35,13,670,0.0005961,0.00090645,0.00025542,64,9.55,596.1,906.4,9.394
35,14,534,0.00062161,0.00089709,0.00022862,57,10.67,621.6,897.1,8.5
35,15,516,0.00062203,0.00089546,0.00025562,76,14.73,622.0,895.5,7.632
35,16,683,0.00060459,0.00090161,0.0002459,64,9.37,604.6,901.6,6.801
35,17,730,0.00058619,0.00091251,0.00025195,74,10.14,586.2,912.5,6.021
35,18,541,0.00059626,0.00090396,0.00025135,84,15.53,596.3,904.0,5.315
35,19,504,0.00063704,0.00090037,0.00024095,106,21.03,637.0,900.4,4.717
35,20,513,0.00065535,0.00090208,0.00023451,95,18.52,655.3,902.1,4.272
35,21,438,0.00061114,0.00091006,0.00024205,43,9.82,611.1,910.1,4.031
35,22,694,0.00058674,0.00090208,0.00026495,45,6.48,586.7,902.1,4.031
35,23,521,0.00055321,0.00091143,0.00028075,60,11.52,553.2,911.4,4.272
35,24,481,0.00064165,0.00090582,0.0002455,109,22.66,641.6,905.8,4.717
35,25,643,0.0006245,0.00090149,0.00024699,116,18.04,624.5,901.5,5.315
35,26,723,0.00065241,0.00090445,0.00024762,99,13.69,652.4,904.4,6.021
35,27,635,0.00064319,0.00090153,0.00024404,117,18.43,643.2,901.5,6.801
35,28,631,0.00061565,0.00089352,0.00024082,52,8.24,615.6,893.5,7.632
35,29,622,0.00062945,0.0008834,0.00020621,37,5.95,629.4,883.4,8.5
35,30,735,0.00058828,0.00089451,0.00023676,54,7.35,588.3,894.5,9.394
35,31,566,0.00063654,0.00089461,0.00021394,21,3.71,636.5,894.6,10.308
35,32,365,0.00064264,0.00091857,0.00017979,24,6.58,642.6,918.6,11.236
36,11,380,0.00062427,0.00090553,0.00016371,16,4.21,624.3,905.5,10.92
36,12,757,0.00061407,0.00089634,0.00021249,55,7.27,614.1,896.3,9.962
36,13,549,0.00064216,0.00089639,0.00022088,40,7.29,642.2,896.4,9.014
36,14,527,0.00058209,0.00090913,0.00024636,30,5.69,582.1,909.1,8.078
36,15,629,0.00062289,0.00088908,0.00025004,67,10.65,622.9,889.1,7.159
36,16,485,0.00064636,0.00090723,0.00023787,70,14.43,646.4,907.2,6.265
36,17,796,0.00060121,0.00090913,0.00024237,83,10.43,601.2,909.1,5.408
36,18,479,0.00063027,0.0009069,0.00021804,51,10.65,630.3,906.9,4.61
36,19,458,0.00064376,0.00089774,0.00022433,60,13.1,643.8,897.7,3.905
36,20,562,0.00065871,0.00089722,0.00021601,102,18.15,658.7,897.2,3.354
36,21,494,0.00064429,0.00090127,0.0002263,53,10.73,644.3,901.3,3.041
36,22,603,0.00064632,0.00089579,0.00023424,74,12.27,646.3,895.8,3.041
36,23,471,0.00057188,0.00088914,0.00027126,22,4.67,571.9,889.1,3.354
36,24,597,0.00063367,0.00090201,0.00022761,63,10.55,633.7,902.0,3.905
36,25,570,0.00061515,0.00089701,0.00025504,111,19.47,615.2,897.0,4.61
36,26,583,0.00064211,0.00090182,0.00026361,104,17.84,642.1,901.8,5.408
36,27,676,0.00061186,0.00089753,0.00025859,118,17.46,611.9,897.5,6.265
36,28,637,0.00061601,0.00089394,0.00022249,40,6.28,616.0,893.9,7.159
36,29,636,0.00063184,0.00090744,0.00020946,19,2.99,631.8,907.4,8.078
36,30,666,0.00062902,0.00089136,0.00023087,41,6.16,629.0,891.4,9.014
36,31,671,0.00066227,0.00089128,0.00019243,41,6.11,662.3,891.3,9.962
36,32,331,0.00060017,0.00085494,0.0001731,1,0.3,600.2,854.9,10.92
37,11,466,0.00061845,0.00090398,0.00016236,30,6.44,618.4,904.0,10.689
37,12,687,0.00063362,0.00089634,0.00021071,38,5.53,633.6,896.3,9.708
37,13,616,0.0006327,0.00089569,0.00023438,62,10.06,632.7,895.7,8.732
37,14,561,0.00057071,0.00090147,0.00024893,59,10.52,570.7,901.5,7.762
37,15,703,0.0006167,0.0009064,0.00024397,96,13.66,616.7,906.4,6.801
37,16,717,0.00062881,0.00089993,0.00024045,94,13.11,628.8,899.9,5.852
37,17,606,0.00061099,0.00090967,0.00023361,93,15.35,611.0,909.7,4.924
37,18,570,0.00059436,0.00090021,0.00025289,91,15.96,594.4,900.2,4.031
37,19,506,0.0006257,0.00089899,0.0002336,81,16.01,625.7,899.0,3.202
37,20,525,0.00065016,0.00088802,0.00023007,93,17.71,650.2,888.0,2.5
37,21,421,0.00061882,0.00090665,0.00021763,39,9.26,618.8,906.6,2.062
37,22,736,0.00060509,0.00089561,0.00024153,66,8.97,605.1,895.6,2.062
37,23,457,0.00055014,0.00090522,0.00027673,33,7.22,550.1,905.2,2.5
37,24,595,0.00059123,0.00091181,0.00026031,78,13.11,591.2,911.8,3.202
37,25,685,0.00067845,0.00090235,0.00021411,102,14.89,678.4,902.4,4.031
37,26,579,0.00064435,0.00090066,0.00024066,59,10.19,644.4,900.7,4.924
37,27,604,0.00060144,0.00090035,0.00025847,99,16.39,601.4,900.4,5.852
37,28,671,0.00060461,0.00089119,0.00023798,30,4.47,604.6,891.2,6.801
37,29,574,0.0005926,0.00088956,0.00022538,41,7.14,592.6,889.6,7.762
37,30,761,0.00059734,0.00089691,0.00022535,29,3.81,597.3,896.9,8.732
37,31,578,0.00063995,0.00088826,0.00019935,29,5.02,640.0,888.3,9.708
37,32,474,0.00060578,0.00092949,0.00020174,19,4.01,605.8,929.5,10.689
38,11,442,0.00062587,0.00090115,0.00018342,18,4.07,625.9,901.2,10.548
38,12,690,0.00060396,0.00088416,0.00019627,23,3.33,604.0,884.2,9.552
38,13,611,0.00064571,0.00090064,0.00021629,56,9.17,645.7,900.6,8.559
38,14,662,0.00061797,0.00090488,0.00020888,61,9.21,618.0,904.9,7.566
38,15,537,0.00063137,0.00089666,0.00026329,66,12.29,631.4,896.7,6.576
38,16,601,0.00064076,0.00090967,0.00022646,94,15.64,640.8,909.7,5.59
38,17,688,0.00060425,0.00090269,0.00024622,60,8.72,604.2,902.7,4.61
38,18,498,0.00061438,0.00090249,0.00023386,54,10.84,614.4,902.5,3.64
38,19,443,0.00066541,0.00090302,0.00022599,49,11.06,665.4,903.0,2.693
38,20,468,0.00062423,0.00089058,0.00025002,52,11.11,624.2,890.6,1.803
38,21,462,0.00063123,0.00089844,0.00023831,57,12.34,631.2,898.4,1.118
38,22,514,0.00066306,0.00091501,0.00022068,61,11.87,663.1,915.0,1.118
38,23,534,0.00059285,0.00088342,0.00025578,28,5.24,592.8,883.4,1.803
38,24,543,0.00062947,0.00090433,0.00022738,38,7.0,629.5,904.3,2.693
38,25,584,0.00065757,0.00089187,0.00023284,107,18.32,657.6,891.9,3.64
38,26,507,0.00063655,0.00089723,0.00025908,68,13.41,636.6,897.2,4.61
38,27,625,0.00063663,0.00088881,0.00025179,78,12.48,636.6,888.8,5.59
38,28,611,0.0006972,0.00089789,0.00018061,86,14.08,697.2,897.9,6.576
38,29,624,0.00062409,0.00089677,0.0002117,42,6.73,624.1,896.8,7.566
38,30,684,0.00063956,0.0008899,0.00023004,30,4.39,639.6,889.9,8.559
38,31,560,0.00064567,0.00088975,0.0002059,30,5.36,645.7,889.8,9.552
38,32,533,0.0006382,0.00088198,0.00016806,9,1.69,638.2,882.0,10.548
39,11,379,0.00064352,0.00088442,0.00017037,14,3.69,643.5,884.4,10.5
39,12,640,0.00063745,0.00089425,0.00019879,38,5.94,637.4,894.2,9.5
39,13,659,0.00063685,0.00090388,0.00022252,53,8.04,636.8,903.9,8.5
39,14,636,0.00060033,0.00089473,0.00021472,33,5.19,600.3,894.7,7.5
39,15,768,0.00061523,0.00090152,0.00024035,83,10.81,615.2,901.5,6.5
39,16,881,0.00061119,0.00090474,0.00024364,80,9.08,611.2,904.7,5.5
39,17,509,0.00064164,0.00091445,0.00024064,44,8.64,641.6,914.4,4.5
39,18,516,0.00062123,0.00090924,0.00024575,36,6.98,621.2,909.2,3.5
39,19,421,0.00063058,0.00089688,0.00023029,56,13.3,630.6,896.9,2.5
39,20,507,0.00063473,0.00089014,0.00023056,51,10.06,634.7,890.1,1.5
39,21,415,0.00060317,0.00089661,0.00023162,41,9.88,603.2,896.6,0.5
39,22,643,0.00060369,0.00089991,0.00024438,58,9.02,603.7,899.9,0.5
39,23,507,0.00057888,0.00090837,0.00026761,41,8.09,578.9,908.4,1.5
39,24,587,0.00060721,0.00090947,0.00025466,53,9.03,607.2,909.5,2.5
39,25,562,0.00067498,0.00090836,0.00021294,113,20.11,675.0,908.4,3.5
39,26,489,0.00065987,0.00089087,0.00023469,55,11.25,659.9,890.9,4.5
39,27,567,0.00066947,0.00089303,0.00022623,72,12.7,669.5,893.0,5.5
39,28,606,0.00064204,0.00088574,0.0002288,47,7.76,642.0,885.7,6.5
39,29,534,0.00056129,0.00089657,0.00024314,20,3.75,561.3,896.6,7.5
39,30,708,0.00061949,0.00088971,0.00020769,40,5.65,619.5,889.7,8.5
39,31,531,0.000636,0.00090466,0.00019623,20,3.77,636.0,904.7,9.5
39,32,568,0.00063385,0.0009108,0.00019713,33,5.81,633.8,910.8,10.5
40,11,391,0.00061336,0.00089597,0.00019996,10,2.56,613.4,896.0,10.548
40,12,663,0.00060541,0.00090276,0.00019651,9,1.36,605.4,902.8,9.552
40,13,510,0.0006178,0.00089256,0.00023209,40,7.84,617.8,892.6,8.559
40,14,606,0.00063294,0.0008869,0.00021158,12,1.98,632.9,886.9,7.566
40,15,543,0.00063662,0.00089565,0.00023661,37,6.81,636.6,895.6,6.576
40,16,684,0.00063592,0.00091633,0.00021905,70,10.23,635.9,916.3,5.59
40,17,628,0.00065038,0.00091034,0.00023432,72,11.46,650.4,910.3,4.61
40,18,535,0.00060665,0.00091078,0.00023321,52,9.72,606.6,910.8,3.64
40,19,438,0.00065575,0.00090051,0.00023825,30,6.85,655.8,900.5,2.693
40,20,436,0.0006345,0.00089498,0.0002299,40,9.17,634.5,895.0,1.803
40,21,396,0.00065482,0.0009002,0.00020575,21,5.3,654.8,900.2,1.118
40,22,679,0.00066425,0.00089592,0.00017952,43,6.33,664.2,895.9,1.118
40,23,575,0.00064002,0.00091476,0.00020928,30,5.22,640.0,914.8,1.803
40,24,551,0.00063568,0.00091668,0.00023254,69,12.52,635.7,916.7,2.693
40,25,577,0.0006637,0.00090331,0.00023506,123,21.32,663.7,903.3,3.64
40,26,508,0.00064859,0.00090093,0.00024121,46,9.06,648.6,900.9,4.61
40,27,639,0.00066541,0.00090036,0.00021619,82,12.83,665.4,900.4,5.59
40,28,518,0.00068096,0.00088212,0.00019477,33,6.37,681.0,882.1,6.576
40,29,487,0.00060179,0.00089067,0.00021789,10,2.05,601.8,890.7,7.566
40,30,578,0.00067311,0.0008867,0.00020574,27,4.67,673.1,886.7,8.559
40,31,574,0.00063888,0.00089073,0.0002046,50,8.71,638.9,890.7,9.552
40,32,548,0.00059993,0.00088189,0.00018332,12,2.19,599.9,881.9,10.548
41,11,352,0.0006432,0.0008887,0.00018935,10,2.84,643.2,888.7,10.689
41,12,675,0.00061853,0.00090215,0.00020317,29,4.3,618.5,902.2,9.708
41,13,655,0.00062919,0.00089442,0.00021194,30,4.58,629.2,894.4,8.732
41,14,693,0.00061385,0.00089638,0.00021292,26,3.75,613.8,896.4,7.762
41,15,659,0.00061879,0.00089768,0.00023435,30,4.55,618.8,897.7,6.801
41,16,898,0.00064712,0.00089269,0.00022667,68,7.57,647.1,892.7,5.852
41,17,550,0.00066377,0.00091311,0.00023804,79,14.36,663.8,913.1,4.924
41,18,491,0.00060969,0.00090874,0.00024233,71,14.46,609.7,908.7,4.031
41,19,407,0.00063871,0.00090756,0.00025935,74,18.18,638.7,907.6,3.202
41,20,564,0.00064583,0.00091015,0.00023194,60,10.64,645.8,910.2,2.5
41,21,574,0.0006237,0.0008982,0.00023809,64,11.15,623.7,898.2,2.062
41,22,652,0.00064004,0.00089242,0.00020842,38,5.83,640.0,892.4,2.062
41,23,635,0.00064392,0.00089561,0.00023976,69,10.87,643.9,895.6,2.5
41,24,618,0.00063552,0.0009051,0.00025483,87,14.08,635.5,905.1,3.202
41,25,432,0.00060964,0.00090353,0.00023967,56,12.96,609.6,903.5,4.031
41,26,556,0.00067725,0.00089459,0.00022048,34,6.12,677.2,894.6,4.924
41,27,616,0.0006748,0.00089998,0.00023431,97,15.75,674.8,900.0,5.852
41,28,539,0.00064799,0.00088646,0.00023657,38,7.05,648.0,886.5,6.801
41,29,576,0.00059653,0.0008832,0.00024345,54,9.38,596.5,883.2,7.762
41,30,630,0.00063743,0.0008925,0.00021764,45,7.14,637.4,892.5,8.732
41,31,637,0.00063962,0.00088985,0.00021174,49,7.69,639.6,889.8,9.708
41,32,409,0.00064702,0.00089142,0.00018623,19,4.65,647.0,891.4,10.689
42,11,369,0.00066018,0.00087987,0.00016147,3,0.81,660.2,879.9,10.92
42,12,678,0.00060601,0.00089451,0.00019523,31,4.57,606.0,894.5,9.962
42,13,514,0.00062412,0.00089317,0.00023139,27,5.25,624.1,893.2,9.014
42,14,657,0.00060902,0.00089785,0.00020982,28,4.26,609.0,897.8,8.078
42,15,498,0.00060173,0.00090416,0.0002592,41,8.23,601.7,904.2,7.159
42,16,809,0.00065048,0.00090517,0.00020214,113,13.97,650.5,905.2,6.265
42,17,481,0.0006487,0.00090427,0.00024274,81,16.84,648.7,904.3,5.408
42,18,568,0.00063197,0.00090864,0.00023877,57,10.04,632.0,908.6,4.61
42,19,454,0.0006631,0.00092023,0.00024715,56,12.33,663.1,920.2,3.905
42,20,443,0.00066011,0.00088815,0.00020317,37,8.35,660.1,888.2,3.354
42,21,670,0.00061878,0.00089959,0.00022373,34,5.07,618.8,899.6,3.041
42,22,541,0.00062602,0.00090282,0.0002329,52,9.61,626.0,902.8,3.041
42,23,615,0.00065076,0.00089606,0.00021317,48,7.8,650.8,896.1,3.354
42,24,499,0.00063748,0.00091065,0.00024782,46,9.22,637.5,910.6,3.905
42,25,540,0.0006837,0.0008977,0.00021597,152,28.15,683.7,897.7,4.61
42,26,433,0.00065155,0.00089504,0.00022656,36,8.31,651.6,895.0,5.408
42,27,766,0.00067966,0.00089337,0.0002104,112,14.62,679.7,893.4,6.265
42,28,467,0.00064108,0.00089249,0.00022994,27,5.78,641.1,892.5,7.159
42,29,549,0.0006059,0.00088927,0.00022049,28,5.1,605.9,889.3,8.078
42,30,661,0.00065342,0.00088127,0.00018023,25,3.78,653.4,881.3,9.014
42,31,595,0.00060934,0.0008747,0.00020508,26,4.37,609.3,874.7,9.962
42,32,349,0.0006132,0.00089551,0.00019961,7,2.01,613.2,895.5,10.92
43,11,350,0.00066122,0.00093137,0.00018969,18,5.14,661.2,931.4,11.236
43,12,751,0.00062783,0.00090082,0.00020236,45,5.99,627.8,900.8,10.308
43,13,599,0.00064038,0.00090919,0.00019914,33,5.51,640.4,909.2,9.394
43,14,659,0.000596,0.00088689,0.00022292,22,3.34,596.0,886.9,8.5
43,15,643,0.0006048,0.00090189,0.00024024,26,4.04,604.8,901.9,7.632
43,16,882,0.00068635,0.00088966,0.00020903,109,12.36,686.3,889.7,6.801
43,17,462,0.00068688,0.00091229,0.00022929,80,17.32,686.9,912.3,6.021
43,18,564,0.00061641,0.00090664,0.00022196,68,12.06,616.4,906.6,5.315
43,19,436,0.00060105,0.00089546,0.00025463,70,16.06,601.0,895.5,4.717
43,20,626,0.00063945,0.00090753,0.00023616,78,12.46,639.4,907.5,4.272
43,21,651,0.00062818,0.00088864,0.00022875,60,9.22,628.2,888.6,4.031
43,22,577,0.00064023,0.00089702,0.00022002,53,9.19,640.2,897.0,4.031
43,23,612,0.00068039,0.00091944,0.00021446,36,5.88,680.4,919.4,4.272
43,24,688,0.00064436,0.00090747,0.00023395,66,9.59,644.4,907.5,4.717
43,25,483,0.0006425,0.00090229,0.00023073,76,15.73,642.5,902.3,5.315
43,26,522,0.00062338,0.00090268,0.00023253,67,12.84,623.4,902.7,6.021
43,27,691,0.00064713,0.00088776,0.00023515,46,6.66,647.1,887.8,6.801
43,28,428,0.00062955,0.0008859,0.00023839,49,11.45,629.6,885.9,7.632
43,29,682,0.00062877,0.00087097,0.00022319,36,5.28,628.8,871.0,8.5
43,30,666,0.00062571,0.00087404,0.00022363,20,3.0,625.7,874.0,9.394
43,31,722,0.00061712,0.00088778,0.0002128,31,4.29,617.1,887.8,10.308
43,32,426,0.00064931,0.00088195,0.00020109,36,8.45,649.3,882.0,11.236
44,11,484,0.00061126,0.00091403,0.0001652,5,1.03,611.3,914.0,11.63
44,12,571,0.0006096,0.00087869,0.00019712,4,0.7,609.6,878.7,10.735
44,13,532,0.00061496,0.00089379,0.00022512,22,4.14,615.0,893.8,9.862
44,14,689,0.00060572,0.0009087,0.00021243,26,3.77,605.7,908.7,9.014
44,15,566,0.00060631,0.00090662,0.00023788,49,8.66,606.3,906.6,8.201
44,16,745,0.00065259,0.00090946,0.00020493,72,9.66,652.6,909.5,7.433
44,17,439,0.00065069,0.00090669,0.00023465,59,13.44,650.7,906.7,6.727
44,18,595,0.00064394,0.00090612,0.00022946,45,7.56,643.9,906.1,6.103
44,19,456,0.000621,0.00089291,0.00025755,56,12.28,621.0,892.9,5.59
44,20,527,0.0006863,0.00090022,0.0002138,74,14.04,686.3,900.2,5.22
44,21,682,0.00067044,0.0009077,0.00019949,49,7.18,670.4,907.7,5.025
44,22,576,0.00061321,0.00089797,0.00023048,38,6.6,613.2,898.0,5.025
44,23,701,0.00066661,0.00089298,0.00020588,51,7.28,666.6,893.0,5.22
44,24,514,0.00062411,0.00090867,0.00023821,41,7.98,624.1,908.7,5.59
44,25,525,0.00064853,0.00090447,0.00024611,106,20.19,648.5,904.5,6.103
44,26,480,0.00057812,0.00088947,0.00024821,49,10.21,578.1,889.5,6.727
44,27,818,0.00066115,0.000894,0.00020258,30,3.67,661.2,894.0,7.433
44,28,489,0.00064857,0.00087295,0.00022695,15,3.07,648.6,873.0,8.201
44,29,623,0.00065325,0.00088058,0.00020516,40,6.42,653.2,880.6,9.014
44,30,617,0.00060446,0.0008861,0.00020507,32,5.19,604.5,886.1,9.862
44,31,606,0.00058563,0.00090011,0.00021092,14,2.31,585.6,900.1,10.735
44,32,424,0.00066317,0.00088935,0.00018212,34,8.02,663.2,889.4,11.63
45,11,322,0.00055287,0.00089329,0.000198,6,1.86,552.9,893.3,12.093
45,12,549,0.00062306,0.00086736,0.00020026,2,0.36,623.1,867.4,11.236
45,13,609,0.00066224,0.00090178,0.00019419,32,5.25,662.2,901.8,10.404
45,14,707,0.00065874,0.00091293,0.00019751,29,4.1,658.7,912.9,9.605
45,15,640,0.00057255,0.00089573,0.00025591,26,4.06,572.6,895.7,8.846
45,16,801,0.00066819,0.00089458,0.00022636,78,9.74,668.2,894.6,8.139
45,17,475,0.00069047,0.00090154,0.00022583,85,17.89,690.5,901.5,7.5
45,18,631,0.00063089,0.00090478,0.00022951,72,11.41,630.9,904.8,6.946
45,19,600,0.00062381,0.00089401,0.00023368,104,17.33,623.8,894.0,6.5
45,20,564,0.00063282,0.00091333,0.0002191,58,10.28,632.8,913.3,6.185
45,21,492,0.00068246,0.00090021,0.00020461,62,12.6,682.5,900.2,6.021
45,22,524,0.0006027,0.00089133,0.00024357,41,7.82,602.7,891.3,6.021
45,23,657,0.00068763,0.0009407,0.00019896,63,9.59,687.6,940.7,6.185
45,24,584,0.00061015,0.00090273,0.00024196,68,11.64,610.2,902.7,6.5
45,25,498,0.00063954,0.00090462,0.00023274,71,14.26,639.5,904.6,6.946
45,26,580,0.00059859,0.00088765,0.00024982,54,9.31,598.6,887.6,7.5
45,27,667,0.00064524,0.00089356,0.00021784,59,8.85,645.2,893.6,8.139
45,28,459,0.00064845,0.00088475,0.00021861,59,12.85,648.4,884.8,8.846
45,29,713,0.00065412,0.00088257,0.00020742,38,5.33,654.1,882.6,9.605
45,30,682,0.0006272,0.00087347,0.00020509,9,1.32,627.2,873.5,10.404
45,31,766,0.00057197,0.00088849,0.00022025,23,3.0,572.0,888.5,11.236
45,32,327,0.00070071,0.00088649,0.00017103,12,3.67,700.7,886.5,12.093
46,11,304,0.00060778,0.0009076,0.00017503,13,4.28,607.8,907.6,12.619
46,12,660,0.00060189,0.00085148,0.00020462,18,2.73,601.9,851.5,11.8
46,13,530,0.00059422,0.00090139,0.00024193,25,4.72,594.2,901.4,11.011
46,14,595,0.00059323,0.00091506,0.00022106,21,3.53,593.2,915.1,10.259
46,15,500,0.00063591,0.00091388,0.00021686,39,7.8,635.9,913.9,9.552
46,16,673,0.00062464,0.00091137,0.00021697,31,4.61,624.6,911.4,8.902
46,17,501,0.00063069,0.00090253,0.00023929,68,13.57,630.7,902.5,8.322
46,18,634,0.00068912,0.00090324,0.0001945,48,7.57,689.1,903.2,7.826
46,19,593,0.00059855,0.00089976,0.00023988,80,13.49,598.6,899.8,7.433
46,20,575,0.00065566,0.00089872,0.00021449,36,6.26,655.7,898.7,7.159
46,21,681,0.00068293,0.00090583,0.00019976,62,9.1,682.9,905.8,7.018
46,22,566,0.0005835,0.00089267,0.00022966,45,7.95,583.5,892.7,7.018
46,23,625,0.00066541,0.00088483,0.00022249,52,8.32,665.4,884.8,7.159
46,24,603,0.00063665,0.00091055,0.0002299,84,13.93,636.6,910.6,7.433
46,25,550,0.00064689,0.00089691,0.00024127,69,12.55,646.9,896.9,7.826
46,26,592,0.00060258,0.00088807,0.00024802,35,5.91,602.6,888.1,8.322
46,27,695,0.00064975,0.00090535,0.0002068,29,4.17,649.8,905.4,8.902
46,28,475,0.00061872,0.00088613,0.00021696,36,7.58,618.7,886.1,9.552
46,29,573,0.00065184,0.00088845,0.00020736,46,8.03,651.8,888.4,10.259
46,30,719,0.00059714,0.00088928,0.00021487,15,2.09,597.1,889.3,11.011
46,31,654,0.00058863,0.00086917,0.00022352,4,0.61,588.6,869.2,11.8
46,32,285,0.00068816,0.00087431,0.00015476,27,9.47,688.2,874.3,12.619
47,11,120,0.0005012,0.00088999,0.00021598,1,0.83,501.2,890.0,13.2
47,12,673,0.00061708,0.00089752,0.00018314,17,2.53,617.1,897.5,12.42
47,13,650,0.00063405,0.00090227,0.000219,47,7.23,634.1,902.3,11.673
47,14,756,0.00063869,0.00090945,0.00020958,68,8.99,638.7,909.4,10.966
47,15,667,0.00061905,0.00088978,0.00021516,28,4.2,619.0,889.8,10.308
47,16,729,0.00067129,0.00088902,0.00021101,32,4.39,671.3,889.0,9.708
47,17,522,0.00065972,0.00089196,0.00022635,114,21.84,659.7,892.0,9.179
47,18,744,0.00058528,0.00091001,0.00026079,49,6.59,585.3,910.0,8.732
47,19,732,0.00064116,0.00090733,0.00023765,124,16.94,641.2,907.3,8.382
47,20,584,0.0006253,0.00091371,0.00024277,63,10.79,625.3,913.7,8.139
47,21,538,0.00063267,0.00089444,0.00022998,38,7.06,632.7,894.4,8.016
47,22,535,0.00065884,0.0009091,0.00022219,55,10.28,658.8,909.1,8.016
47,23,592,0.0006745,0.00090698,0.00021251,88,14.86,674.5,907.0,8.139
47,24,559,0.00059372,0.00089876,0.00024318,73,13.06,593.7,898.8,8.382
47,25,551,0.0006435,0.00089712,0.00020525,53,9.62,643.5,897.1,8.732
47,26,648,0.0006229,0.00089536,0.00024679,35,5.4,622.9,895.4,9.179
47,27,640,0.00066234,0.00088617,0.00020189,41,6.41,662.3,886.2,9.708
47,28,503,0.00064799,0.00089166,0.00019522,45,8.95,648.0,891.7,10.308
47,29,652,0.00063404,0.00088304,0.00022289,35,5.37,634.0,883.0,10.966
47,30,639,0.00064841,0.00088827,0.00018186,7,1.1,648.4,888.3,11.673
47,31,577,0.00056306,0.0008702,0.00021864,5,0.87,563.1,870.2,12.42
47,32,146,0.00070227,0.00085119,0.00012802,18,12.33,702.3,851.2,13.2
48,11,14,0.00072857,0.00076686,9.813e-05,0,0.0,728.6,766.9,13.829
48,12,513,0.00061047,0.00088314,0.00016038,17,3.31,610.5,883.1,13.086
48,13,531,0.00063638,0.00091581,0.00023568,57,10.73,636.4,915.8,12.379
48,14,588,0.00058279,0.00089377,0.00021112,19,3.23,582.8,893.8,11.715
48,15,520,0.00061954,0.00088596,0.00022117,24,4.62,619.5,886.0,11.102
48,16,645,0.00060929,0.00089527,0.00023689,32,4.96,609.3,895.3,10.548
48,17,642,0.00059884,0.00089312,0.00024068,50,7.79,598.8,893.1,10.062
48,18,795,0.0006296,0.00089236,0.00022945,64,8.05,629.6,892.4,9.657
48,19,641,0.00064149,0.00089745,0.0002352,99,15.44,641.5,897.4,9.341
48,20,635,0.00062604,0.00090265,0.00024318,107,16.85,626.0,902.6,9.124
48,21,748,0.00064692,0.00090577,0.00023091,76,10.16,646.9,905.8,9.014
48,22,657,0.0006094,0.00089418,0.00024936,62,9.44,609.4,894.2,9.014
48,23,650,0.00064433,0.00090355,0.00022139,83,12.77,644.3,903.6,9.124
48,24,549,0.00061218,0.00090524,0.00024809,46,8.38,612.2,905.2,9.341
48,25,573,0.00065226,0.00089795,0.00021468,37,6.46,652.3,898.0,9.657
48,26,635,0.0006341,0.00089196,0.00021963,70,11.02,634.1,892.0,10.062
48,27,575,0.00066406,0.00088707,0.00020539,40,6.96,664.1,887.1,10.548
48,28,536,0.00061868,0.00088871,0.00021157,16,2.99,618.7,888.7,11.102
48,29,707,0.00065023,0.00088754,0.00021035,35,4.95,650.2,887.5,11.715
48,30,646,0.00061116,0.00089358,0.00021833,32,4.95,611.2,893.6,12.379
48,31,533,0.0005762,0.00092055,0.00020948,11,2.06,576.2,920.6,13.086
48,32,2,0.00066786,0.00080014,0.00018707,0,0.0,667.9,800.1,13.829
49,12,472,0.00062365,0.00090759,0.00017374,29,6.14,623.6,907.6,13.793
49,13,533,0.00063601,0.00090013,0.00021964,40,7.5,636.0,900.1,13.124
49,14,603,0.00059378,0.00089562,0.00022554,41,6.8,593.8,895.6,12.5
49,15,720,0.00060209,0.00089795,0.00023245,36,5.0,602.1,898.0,11.927
49,16,586,0.00064177,0.00090247,0.00022779,43,7.34,641.8,902.5,11.413
49,17,529,0.00066409,0.00089263,0.00021909,89,16.82,664.1,892.6,10.966
49,18,724,0.00058881,0.00088987,0.00026189,46,6.35,588.8,889.9,10.595
49,19,700,0.00062119,0.00089999,0.00024236,131,18.71,621.2,900.0,10.308
49,20,592,0.00055631,0.00090247,0.00026456,65,10.98,556.3,902.5,10.112
49,21,600,0.00058246,0.00089345,0.00024358,42,7.0,582.5,893.4,10.012
49,22,592,0.0006207,0.00090559,0.00023808,64,10.81,620.7,905.6,10.012
49,23,572,0.00062461,0.00090719,0.00022658,67,11.71,624.6,907.2,10.112
49,24,651,0.00062201,0.00089619,0.00022816,71,10.91,622.0,896.2,10.308
49,25,529,0.0006603,0.00089467,0.00020721,73,13.8,660.3,894.7,10.595
49,26,658,0.00065539,0.00091179,0.00022036,66,10.03,655.4,911.8,10.966
49,27,822,0.00062687,0.00088275,0.00022603,36,4.38,626.9,882.8,11.413
49,28,610,0.0006324,0.000892,0.00019958,53,8.69,632.4,892.0,11.927
49,29,777,0.00063807,0.00087951,0.00020036,17,2.19,638.1,879.5,12.5
49,30,717,0.0006252,0.0008608,0.0002137,19,2.65,625.2,860.8,13.124
49,31,636,0.00059251,0.00093766,0.00017081,29,4.56,592.5,937.7,13.793
50,12,476,0.00065624,0.00092447,0.00017104,30,6.3,656.2,924.5,14.534
50,13,637,0.00062888,0.00089536,0.0002243,43,6.75,628.9,895.4,13.901
50,14,465,0.00057811,0.00089368,0.00024277,32,6.88,578.1,893.7,13.314
50,15,565,0.00063704,0.00089983,0.0002178,36,6.37,637.0,899.8,12.777
50,16,579,0.0006113,0.00089328,0.00023085,22,3.8,611.3,893.3,12.298
50,17,607,0.00061088,0.00089267,0.00023087,30,4.94,610.9,892.7,11.885
50,18,681,0.00057843,0.00089099,0.00024507,24,3.52,578.4,891.0,11.543
50,19,587,0.00066695,0.00092089,0.0002147,59,10.05,667.0,920.9,11.281
50,20,601,0.00058706,0.00090031,0.00026695,85,14.14,587.1,900.3,11.102
50,21,718,0.00064552,0.00090946,0.00023204,53,7.38,645.5,909.5,11.011
50,22,622,0.00060068,0.00089677,0.00023958,39,6.27,600.7,896.8,11.011
50,23,609,0.0006218,0.00089681,0.00022926,65,10.67,621.8,896.8,11.102
50,24,685,0.00063638,0.00090425,0.00021571,38,5.55,636.4,904.2,11.281
50,25,701,0.00066229,0.00089231,0.00020125,43,6.13,662.3,892.3,11.543
50,26,711,0.00064334,0.00088926,0.00021632,62,8.72,643.3,889.3,11.885
50,27,610,0.00066889,0.00088583,0.00021502,30,4.92,668.9,885.8,12.298
50,28,634,0.00062805,0.00089695,0.00020942,23,3.63,628.0,897.0,12.777
50,29,781,0.00061759,0.0008859,0.0002198,42,5.38,617.6,885.9,13.314
50,30,581,0.00062247,0.00088478,0.00021897,18,3.1,622.5,884.8,13.901
50,31,622,0.00062664,0.00093147,0.0001874,13,2.09,626.6,931.5,14.534
51,12,322,0.00062613,0.00086203,0.00018892,29,9.01,626.1,862.0,15.305
51,13,709,0.00063369,0.00089587,0.00019965,21,2.96,633.7,895.9,14.705
51,14,639,0.00058221,0.00089467,0.00023072,48,7.51,582.2,894.7,14.151
51,15,827,0.00061921,0.000897,0.00021489,43,5.2,619.2,897.0,13.647
51,16,501,0.0006341,0.0008894,0.00022212,16,3.19,634.1,889.4,13.2
51,17,460,0.00062659,0.00089473,0.00024396,90,19.57,626.6,894.7,12.816
51,18,671,0.00060706,0.00089985,0.00024942,55,8.2,607.1,899.8,12.5
51,19,718,0.00066805,0.00090586,0.0002139,95,13.23,668.0,905.9,12.258
51,20,533,0.00057449,0.0009093,0.00025468,45,8.44,574.5,909.3,12.093
51,21,569,0.00063362,0.00090847,0.00023846,49,8.61,633.6,908.5,12.01
51,22,635,0.00060316,0.00090367,0.00023199,60,9.45,603.2,903.7,12.01
51,23,496,0.00063764,0.00089548,0.00021668,62,12.5,637.6,895.5,12.093
51,24,584,0.00064127,0.00090949,0.00020713,61,10.45,641.3,909.5,12.258
51,25,613,0.00065731,0.00089522,0.00021284,53,8.65,657.3,895.2,12.5
51,26,630,0.00061622,0.00088903,0.00023785,44,6.98,616.2,889.0,12.816
51,27,820,0.00066428,0.00087851,0.00020132,77,9.39,664.3,878.5,13.2
51,28,680,0.00064491,0.00088217,0.00019234,48,7.06,644.9,882.2,13.647
51,29,787,0.00061701,0.00087739,0.0002233,17,2.16,617.0,877.4,14.151
51,30,666,0.00063476,0.00089742,0.00020619,21,3.15,634.8,897.4,14.705
51,31,476,0.00062688,0.00093299,0.00019428,25,5.25,626.9,933.0,15.305
52,12,169,0.00062169,0.00085949,0.00021538,10,5.92,621.7,859.5,16.101
52,13,645,0.00063199,0.00089487,0.0002221,28,4.34,632.0,894.9,15.532
52,14,550,0.00056919,0.00089843,0.00024016,18,3.27,569.2,898.4,15.008
52,15,703,0.00063165,0.00089574,0.00020764,36,5.12,631.6,895.7,14.534
52,16,663,0.00059219,0.00089572,0.00022878,27,4.07,592.2,895.7,14.116
52,17,643,0.00059934,0.00088418,0.00024443,61,9.49,599.3,884.2,13.757
52,18,695,0.00062714,0.00089014,0.00022755,54,7.77,627.1,890.1,13.463
52,19,617,0.00066222,0.00089825,0.00022047,51,8.27,662.2,898.2,13.238
52,20,504,0.00062496,0.00092554,0.00025288,73,14.48,625.0,925.5,13.086
52,21,689,0.00062888,0.00090952,0.00022752,48,6.97,628.9,909.5,13.01
52,22,663,0.0006406,0.00090571,0.00022211,53,7.99,640.6,905.7,13.01
52,23,622,0.00064414,0.00090288,0.00020865,70,11.25,644.1,902.9,13.086
52,24,751,0.00065643,0.00088497,0.00020554,69,9.19,656.4,885.0,13.238
52,25,692,0.00063552,0.00089326,0.00022016,91,13.15,635.5,893.3,13.463
52,26,693,0.00063608,0.00090455,0.00022586,72,10.39,636.1,904.6,13.757
52,27,592,0.00068639,0.00089159,0.00020987,95,16.05,686.4,891.6,14.116
52,28,558,0.00062236,0.00088547,0.00021281,33,5.91,622.4,885.5,14.534
52,29,671,0.0006063,0.00089906,0.00022444,17,2.53,606.3,899.1,15.008
52,30,631,0.0005839,0.00088116,0.00023727,5,0.79,583.9,881.2,15.532
52,31,283,0.00063833,0.000943,0.00020852,7,2.47,638.3,943.0,16.101
53,12,12,0.0005106,0.00075146,8.8e-05,0,0.0,510.6,751.5,16.919
53,13,572,0.00060292,0.00092397,0.00019631,16,2.8,602.9,924.0,16.378
53,14,773,0.00061445,0.00089291,0.00023302,52,6.73,614.4,892.9,15.882
53,15,798,0.00063278,0.00090993,0.00022745,50,6.27,632.8,909.9,15.435
53,16,565,0.0006184,0.0009059,0.00024237,69,12.21,618.4,905.9,15.042
53,17,563,0.00061785,0.00089178,0.00023186,63,11.19,617.8,891.8,14.705
53,18,684,0.00064905,0.0008912,0.0002271,58,8.48,649.0,891.2,14.431
53,19,615,0.00067063,0.00089321,0.00021436,102,16.59,670.6,893.2,14.221
53,20,531,0.00062553,0.00090309,0.00022068,55,10.36,625.5,903.1,14.08
53,21,624,0.00060655,0.0009096,0.0002483,67,10.74,606.6,909.6,14.009
53,22,673,0.00063764,0.00089482,0.00024172,93,13.82,637.6,894.8,14.009
53,23,608,0.00066699,0.0009017,0.00019154,71,11.68,667.0,901.7,14.08
53,24,600,0.00065902,0.00089313,0.00020103,59,9.83,659.0,893.1,14.221
53,25,706,0.00068046,0.00088866,0.00020569,72,10.2,680.5,888.7,14.431
53,26,589,0.00058998,0.00088646,0.00024895,59,10.02,590.0,886.5,14.705
53,27,710,0.00068105,0.00088688,0.00019079,38,5.35,681.0,886.9,15.042
53,28,625,0.00063384,0.00088061,0.00020888,64,10.24,633.8,880.6,15.435
53,29,526,0.00058793,0.00088776,0.00024269,14,2.66,587.9,887.8,15.882
53,30,647,0.00061145,0.00093023,0.00017962,17,2.63,611.4,930.2,16.378
53,31,116,0.00071834,0.00085588,0.00010746,1,0.86,718.3,855.9,16.919
54,13,589,0.00062328,0.00092384,0.00019156,31,5.26,623.3,923.8,17.241
54,14,686,0.00061374,0.00089809,0.00023344,37,5.39,613.7,898.1,16.771
54,15,655,0.00061284,0.00089304,0.00022095,31,4.73,612.8,893.0,16.348
54,16,669,0.00059621,0.00090329,0.00024488,45,6.73,596.2,903.3,15.977
54,17,699,0.00059516,0.0009035,0.00022574,70,10.01,595.2,903.5,15.66
54,18,684,0.00062984,0.00091048,0.00023678,60,8.77,629.8,910.5,15.403
54,19,564,0.00065525,0.00089562,0.00023672,59,10.46,655.2,895.6,15.207
54,20,518,0.00062771,0.00089905,0.00023143,61,11.78,627.7,899.0,15.075
54,21,763,0.00059677,0.00090559,0.00023548,41,5.37,596.8,905.6,15.008
54,22,514,0.0006836,0.00090297,0.00020083,54,10.51,683.6,903.0,15.008
54,23,616,0.00065341,0.00090753,0.00021567,51,8.28,653.4,907.5,15.075
54,24,632,0.00063131,0.00088831,0.00023128,70,11.08,631.3,888.3,15.207
54,25,822,0.00066515,0.00088762,0.00020679,81,9.85,665.2,887.6,15.403
54,26,690,0.00062864,0.00090224,0.00023242,88,12.75,628.6,902.2,15.66
54,27,731,0.00067305,0.00088513,0.00021237,37,5.06,673.1,885.1,15.977
54,28,658,0.00063918,0.00087355,0.00021174,59,8.97,639.2,873.6,16.348
54,29,563,0.00060287,0.00089166,0.00022964,35,6.22,602.9,891.7,16.771
54,30,584,0.0005933,0.00092431,0.00018216,19,3.25,593.3,924.3,17.241
55,13,429,0.00058797,0.00089597,0.00019468,11,2.56,588.0,896.0,18.118
55,14,785,0.00063218,0.00089174,0.00022676,30,3.82,632.2,891.7,17.671
55,15,707,0.00060978,0.00089376,0.00023686,80,11.32,609.8,893.8,17.27
55,16,595,0.0006434,0.00091973,0.00023446,65,10.92,643.4,919.7,16.919
55,17,608,0.00060119,0.00090305,0.00024896,90,14.8,601.2,903.0,16.621
55,18,631,0.00061478,0.00088858,0.00023516,53,8.4,614.8,888.6,16.378
55,19,500,0.00069157,0.00091894,0.00021629,74,14.8,691.6,918.9,16.194
55,20,545,0.00061183,0.00090069,0.00024789,26,4.77,611.8,900.7,16.07
55,21,699,0.00062595,0.00090167,0.00023877,65,9.3,626.0,901.7,16.008
55,22,583,0.00059559,0.00088743,0.00025355,64,10.98,595.6,887.4,16.008
55,23,677,0.00066767,0.00091435,0.00019255,46,6.79,667.7,914.4,16.07
55,24,585,0.00063475,0.00088863,0.0002401,91,15.56,634.8,888.6,16.194
55,25,662,0.00066381,0.00088757,0.00021247,111,16.77,663.8,887.6,16.378
55,26,564,0.00059429,0.00089902,0.00024487,41,7.27,594.3,899.0,16.621
55,27,670,0.00066893,0.00088849,0.00019734,34,5.07,668.9,888.5,16.919
55,28,650,0.00057611,0.00087961,0.00022889,13,2.0,576.1,879.6,17.27
55,29,549,0.00056528,0.00089291,0.0002372,18,3.28,565.3,892.9,17.671
55,30,424,0.00062932,0.00092848,0.00016404,21,4.95,629.3,928.5,18.118
56,13,150,0.00063611,0.00089002,0.00016527,9,6.0,636.1,890.0,19.007
56,14,700,0.00061427,0.0008765,0.00020978,25,3.57,614.3,876.5,18.581
56,15,489,0.000585,0.00089908,0.0002317,20,4.09,585.0,899.1,18.2
56,16,612,0.00062515,0.00090318,0.00023156,44,7.19,625.2,903.2,17.868
56,17,597,0.00062057,0.00088802,0.00022017,50,8.38,620.6,888.0,17.586
56,18,620,0.00064551,0.00090786,0.00023015,28,4.52,645.5,907.9,17.357
56,19,518,0.00065537,0.00089598,0.00023341,81,15.64,655.4,896.0,17.183
56,20,533,0.00062301,0.00090246,0.00024366,45,8.44,623.0,902.5,17.066
56,21,662,0.00059822,0.00089918,0.00024924,58,8.76,598.2,899.2,17.007
56,22,548,0.000655,0.00089988,0.00022357,71,12.96,655.0,899.9,17.007
56,23,584,0.0006781,0.00088005,0.00021407,117,20.03,678.1,880.0,17.066
56,24,613,0.00064419,0.00088195,0.00023281,100,16.31,644.2,882.0,17.183
56,25,730,0.00066383,0.00088795,0.00019954,78,10.68,663.8,888.0,17.357
56,26,599,0.00062259,0.0009015,0.00024437,59,9.85,622.6,901.5,17.586
56,27,666,0.00066856,0.00088792,0.0002061,30,4.5,668.6,887.9,17.868
56,28,671,0.00062278,0.00089073,0.00023878,30,4.47,622.8,890.7,18.2
56,29,579,0.00063487,0.0008903,0.00019423,33,5.7,634.9,890.3,18.581
56,30,191,0.00063698,0.00089885,0.00019454,8,4.19,637.0,898.8,19.007
57,14,533,0.00060987,0.0009176,0.00019235,31,5.82,609.9,917.6,19.5
57,15,644,0.00069359,0.00090096,0.00017146,48,7.45,693.6,901.0,19.138
57,16,652,0.00065918,0.00090075,0.00021173,45,6.9,659.2,900.8,18.822
57,17,589,0.00060436,0.00090659,0.00025923,114,19.35,604.4,906.6,18.554
57,18,624,0.00061156,0.0009075,0.00024916,45,7.21,611.6,907.5,18.337
57,19,485,0.00067098,0.00089739,0.00025391,124,25.57,671.0,897.4,18.173
57,20,615,0.00062084,0.00090836,0.0002344,66,10.73,620.8,908.4,18.062
57,21,602,0.00066025,0.00089676,0.00021623,56,9.3,660.2,896.8,18.007
57,22,544,0.00056831,0.00090139,0.00024799,42,7.72,568.3,901.4,18.007
57,23,561,0.00071652,0.00091067,0.00018531,89,15.86,716.5,910.7,18.062
57,24,602,0.00063078,0.00088571,0.00023576,104,17.28,630.8,885.7,18.173
57,25,603,0.00060611,0.00089312,0.00024309,60,9.95,606.1,893.1,18.337
57,26,650,0.00059379,0.00089247,0.00024681,44,6.77,593.8,892.5,18.554
57,27,570,0.00065454,0.00089243,0.00021456,50,8.77,654.5,892.4,18.822
57,28,689,0.0006224,0.00087925,0.00021298,8,1.16,622.4,879.2,19.138
57,29,531,0.00064624,0.00092155,0.0001626,30,5.65,646.2,921.6,19.5
58,14,492,0.00061138,0.00089414,0.00017707,20,4.07,611.4,894.1,20.427
58,15,461,0.00062713,0.00089665,0.00021667,4,0.87,627.1,896.6,20.081
58,16,586,0.00062947,0.00091353,0.00020931,35,5.97,629.5,913.5,19.78
58,17,584,0.00063622,0.00089572,0.00021961,58,9.93,636.2,895.7,19.526
58,18,614,0.00062118,0.00089524,0.00023487,64,10.42,621.2,895.2,19.32
58,19,507,0.00068247,0.00090238,0.00022574,92,18.15,682.5,902.4,19.164
58,20,608,0.00062317,0.00090114,0.00022479,34,5.59,623.2,901.1,19.059
58,21,546,0.00060005,0.00090168,0.00025043,50,9.16,600.0,901.7,19.007
58,22,596,0.00064482,0.00089264,0.00021004,37,6.21,644.8,892.6,19.007
58,23,611,0.00069202,0.0008918,0.00018793,60,9.82,692.0,891.8,19.059
58,24,654,0.00067104,0.00088078,0.00020148,102,15.6,671.0,880.8,19.164
58,25,694,0.0006044,0.00089522,0.000215,50,7.2,604.4,895.2,19.32
58,26,607,0.00061318,0.00089425,0.00023805,36,5.93,613.2,894.2,19.526
58,27,581,0.0006844,0.00089867,0.00020417,32,5.51,684.4,898.7,19.78
58,28,589,0.00062229,0.00088421,0.00024281,41,6.96,622.3,884.2,20.081
58,29,427,0.0006206,0.00093141,0.00017927,15,3.51,620.6,931.4,20.427
59,14,11,0.00063865,0.00085319,0.00016811,1,9.09,638.7,853.2,21.36
59,15,721,0.00060649,0.00091728,0.00017252,41,5.69,606.5,917.3,21.03
59,16,637,0.00066661,0.00089638,0.00020484,32,5.02,666.6,896.4,20.742
59,17,555,0.00060819,0.00090697,0.00025783,72,12.97,608.2,907.0,20.5
59,18,701,0.00061155,0.00090647,0.00023419,46,6.56,611.6,906.5,20.304
59,19,521,0.00064336,0.00089781,0.00024291,78,14.97,643.4,897.8,20.156
59,20,698,0.00063379,0.0009033,0.00021173,49,7.02,633.8,903.3,20.056
59,21,528,0.00065276,0.00089017,0.00021592,55,10.42,652.8,890.2,20.006
59,22,634,0.00059469,0.00090139,0.00024999,43,6.78,594.7,901.4,20.006
59,23,630,0.00074293,0.00088695,0.0001475,49,7.78,742.9,887.0,20.056
59,24,585,0.00061454,0.00089045,0.00024301,52,8.89,614.5,890.4,20.156
59,25,558,0.00057747,0.00090219,0.00026239,42,7.53,577.5,902.2,20.304
59,26,581,0.00059998,0.00090268,0.00024082,53,9.12,600.0,902.7,20.5
59,27,505,0.00063109,0.00089093,0.00021595,21,4.16,631.1,890.9,20.742
59,28,598,0.0006023,0.00088408,0.00018253,23,3.85,602.3,884.1,21.03
59,29,118,0.00063431,0.00088506,0.00014331,1,0.85,634.3,885.1,21.36
60,15,708,0.00058428,0.0009355,0.00015653,19,2.68,584.3,935.5,21.983
60,16,507,0.00065291,0.00089257,0.00019354,13,2.56,652.9,892.6,21.708
60,17,567,0.00062693,0.00087411,0.0002342,53,9.35,626.9,874.1,21.477
60,18,613,0.0006222,0.00089762,0.00022806,70,11.42,622.2,897.6,21.29
60,19,521,0.00064347,0.00089554,0.0002404,79,15.16,643.5,895.5,21.148
60,20,702,0.00064857,0.00090203,0.00020311,62,8.83,648.6,902.0,21.054
60,21,541,0.00063538,0.00091619,0.00023541,53,9.8,635.4,916.2,21.006
60,22,567,0.00063676,0.00089507,0.00023365,71,12.52,636.8,895.1,21.006
60,23,447,0.00067962,0.00089002,0.0001885,29,6.49,679.6,890.0,21.054
60,24,545,0.00062384,0.00088209,0.00022905,68,12.48,623.8,882.1,21.148
60,25,593,0.0006249,0.00089749,0.00021354,34,5.73,624.9,897.5,21.29
60,26,616,0.00063999,0.00089049,0.00020355,24,3.9,640.0,890.5,21.477
60,27,525,0.00063064,0.00089793,0.00022738,35,6.67,630.6,897.9,21.708
60,28,468,0.00063104,0.00092067,0.00017379,14,2.99,631.0,920.7,21.983
61,15,113,0.00060556,0.00087941,0.00015119,2,1.77,605.6,879.4,22.94
61,16,664,0.00068148,0.00088889,0.00015082,26,3.92,681.5,888.9,22.677
61,17,522,0.00061958,0.00088627,0.00021244,46,8.81,619.6,886.3,22.456
61,18,635,0.0006255,0.00091104,0.00022766,69,10.87,625.5,911.0,22.277
61,19,517,0.00061838,0.0008887,0.00024119,42,8.12,618.4,888.7,22.142
61,20,624,0.00065111,0.00090533,0.00020865,18,2.88,651.1,905.3,22.051
61,21,568,0.00058315,0.0008833,0.000241,39,6.87,583.2,883.3,22.006
61,22,543,0.00064255,0.00089822,0.00023402,71,13.08,642.6,898.2,22.006
61,23,546,0.00074354,0.00088662,0.00013822,71,13.0,743.5,886.6,22.051
61,24,630,0.00060716,0.00088234,0.00024049,60,9.52,607.2,882.3,22.142
61,25,539,0.00060368,0.00089027,0.00024312,36,6.68,603.7,890.3,22.277
61,26,382,0.00064693,0.00088837,0.00020147,17,4.45,646.9,888.4,22.456
61,27,502,0.00063258,0.00089227,0.00020442,9,1.79,632.6,892.3,22.677
61,28,141,0.00061424,0.00088377,0.00018984,11,7.8,614.2,883.8,22.94
62,16,307,0.00061436,0.00090214,0.00015222,15,4.89,614.4,902.1,23.648
62,17,509,0.00061693,0.00087731,0.00022275,39,7.66,616.9,877.3,23.436
62,18,461,0.00066804,0.00089409,0.00019396,25,5.42,668.0,894.1,23.265
62,19,367,0.00062268,0.00088996,0.00022567,19,5.18,622.7,890.0,23.135
62,20,516,0.00069449,0.00090166,0.00016955,46,8.91,694.5,901.7,23.049
62,21,415,0.00058334,0.00090029,0.00025514,28,6.75,583.3,900.3,23.005
62,22,429,0.00061845,0.00088197,0.00022274,59,13.75,618.4,882.0,23.005
62,23,297,0.00069191,0.000881,0.00018401,36,12.12,691.9,881.0,23.049
62,24,481,0.00064535,0.00086291,0.00019771,34,7.07,645.4,862.9,23.135
62,25,490,0.00063794,0.00089975,0.00021334,28,5.71,637.9,899.8,23.265
62,26,406,0.000604,0.00086182,0.00021482,16,3.94,604.0,861.8,23.436
62,27,418,0.00061019,0.00090012,0.00015496,10,2.39,610.2,900.1,23.648
63,17,440,0.00060143,0.00092764,0.00016422,21,4.77,601.4,927.6,24.418
63,18,548,0.00061925,0.00089349,0.00022961,29,5.29,619.2,893.5,24.254
63,19,340,0.00060655,0.00089449,0.00024941,27,7.94,606.6,894.5,24.13
63,20,433,0.00068479,0.00090168,0.00018978,45,10.39,684.8,901.7,24.047
63,21,333,0.00059977,0.0008879,0.00023163,9,2.7,599.8,887.9,24.005
63,22,459,0.00063479,0.00087334,0.00020826,18,3.92,634.8,873.3,24.005
63,23,306,0.00071853,0.0008818,0.00015726,10,3.27,718.5,881.8,24.047
63,24,527,0.0006233,0.0008841,0.00021469,22,4.17,623.3,884.1,24.13
63,25,458,0.00061738,0.00089272,0.00023297,27,5.9,617.4,892.7,24.254
63,26,491,0.00060523,0.0008786,0.00017848,15,3.05,605.2,878.6,24.418
63,27,3,0.00064884,0.00079765,0.00024467,0,0.0,648.8,797.6,24.622
64,17,39,0.00046832,0.00089063,0.00018585,1,2.56,468.3,890.6,25.402
64,18,427,0.00066396,0.00088918,0.00017281,6,1.41,664.0,889.2,25.244
64,19,249,0.00065945,0.00088532,0.00019808,9,3.61,659.4,885.3,25.125
64,20,309,0.00072356,0.00087345,0.00013845,11,3.56,723.6,873.4,25.045
64,21,184,0.00048485,0.00089394,0.00025926,9,4.89,484.8,893.9,25.005
64,22,323,0.00064515,0.0008983,0.00020343,15,4.64,645.2,898.3,25.005
64,23,187,0.00066964,0.00087586,0.00018736,3,1.6,669.6,875.9,25.045
64,24,248,0.00064212,0.00087449,0.00017743,3,1.21,642.1,874.5,25.125
64,25,293,0.00064091,0.00088871,0.00017919,8,2.73,640.9,888.7,25.244
64,26,126,0.00063241,0.00089451,0.00017936,3,2.38,632.4,894.5,25.402
65,18,16,0.00051675,0.00085374,0.00013226,1,6.25,516.8,853.7,26.235
65,19,183,0.0006225,0.00088486,0.00018377,3,1.64,622.5,884.9,26.12
65,20,273,0.00063205,0.00088908,0.00019585,9,3.3,632.0,889.1,26.043
65,21,157,0.0005189,0.00088511,0.00019074,2,1.27,518.9,885.1,26.005
65,22,191,0.00062473,0.0008545,0.00020526,2,1.05,624.7,854.5,26.005
65,23,200,0.00067441,0.00088028,0.00017318,9,4.5,674.4,880.3,26.043
65,24,180,0.00062376,0.000875,0.00022216,12,6.67,623.8,875.0,26.12
65,25,47,0.00069438,0.00086332,0.0001525,1,2.13,694.4,863.3,26.235
66,20,13,0.00057945,0.00087159,0.00022398,1,7.69,579.4,871.6,27.042
66,21,19,0.00065781,0.0008561,0.00016688,1,5.26,657.8,856.1,27.005
66,22,46,0.00075349,0.00089789,0.00012145,12,26.09,753.5,897.9,27.005
66,23,83,0.00064215,0.00089011,9.329e-05,2,2.41,642.2,890.1,27.042
