feature,mean_abs_shap,mean_shap,rank
X727,0.0013469339509022224,-0.0005811023378325695,1
X831,0.0011160312548053623,4.1173487942962945e-05,2
X726,0.0008745438286554139,5.163418581881107e-06,3
X718,0.0006698135624998494,-3.0739171453546535e-05,4
X1066,0.0006535821466640194,1.253590498771025e-05,5
X1070,0.000596121813485662,-2.8550978671862036e-05,6
X1003,0.0005703490125678795,8.332468384179253e-06,7
X1049,0.0004678292160865337,-7.587998603908813e-05,8
X1064,0.00046390019918322856,-8.519037012297416e-06,9
X1071,0.00045048679754793237,1.3768399523120683e-06,10
X592,0.0004289698928403792,3.8605363402872505e-07,11
X400,0.0003788960569672322,-8.706061026168351e-07,12
die_y,0.000359336835381481,1.5273418361449776e-05,13
X594,0.00030077919086065865,0.00020169863332838368,14
X768,0.0002818368214837633,8.884940212730413e-06,15
X397,0.00027700788643641175,-1.2210116293101813e-06,16
X1029,0.0002711810799499808,-6.895722471804154e-06,17
X1063,0.00026198466278610035,3.4249696087711567e-06,18
X1014,0.0002473026806448868,-4.15829426722167e-06,19
X1068,0.00023580148746197126,-1.7720955804150474e-06,20
X557,0.00023516947199527942,-1.6719961707664057e-06,21
X982,0.00023387725057847934,-1.9397778962207265e-06,22
X1060,0.0002297767843071806,-1.2378809984967903e-06,23
X561,0.000218270002322266,-1.793383793886619e-05,24
X1032,0.00020625275333413808,-2.6963031487667142e-06,25
X1077,0.00019220171418247027,8.841540461522359e-06,26
X833,0.00018474077299391535,-8.349774259721613e-06,27
X995,0.00018160341747743827,4.8074642569248635e-06,28
X293,0.00016638814892804598,-4.386096842520012e-06,29
X732,0.00016614122324762876,-4.9010506488670535e-06,30
die_x,0.00016496866715685709,-5.818387614386626e-07,31
X854,0.00015015980500632673,5.592934281482382e-06,32
X826,0.00015011867823858278,-2.940070836907795e-06,33
X856,0.00014648271807305682,-3.5699588597394044e-06,34
X722,0.00014279588797006687,8.838934238523386e-06,35
X34,0.0001426063004757697,-4.965555161767977e-06,36
X870,0.00013514342187635414,-5.422896238982179e-06,37
X1006,0.00013302211590543342,9.253905495909734e-07,38
X893,0.00013240310107860356,7.07899354313964e-07,39
X240,0.00013239939051450835,2.4546525410917477e-06,40
X572,0.00013015804424881212,-1.8434847199482224e-06,41
X842,0.00012937898286141038,-6.517066552801046e-07,42
X1031,0.00012436955103930147,2.1784129143099114e-06,43
X583,0.00012340296439359162,-6.741831178045034e-07,44
X243,0.0001226694083263001,1.9168796963431774e-06,45
X573,0.00012217802960354888,2.0150721542719234e-06,46
X587,0.00012064919041613038,0.00010187388669996992,47
X1058,0.00011837381988163363,2.041720347861487e-06,48
X886,0.0001164667197506211,-1.2137955000639147e-05,49
X255,0.00011294313621154915,3.895282394568563e-06,50
X562,0.0001121458599312986,-3.4890441112439696e-06,51
X689,0.00011204575400586704,-1.7163161690867535e-05,52
X292,0.00011108790516121978,2.640961489225533e-06,53
X849,0.00010980101374012547,-1.1676832229659826e-06,54
X589,0.00010776718975915307,-4.879441111327356e-05,55
X1073,0.00010547558880818215,-1.97170336158334e-06,56
X48,0.0001046820670347665,1.00497821158288e-06,57
X905,0.00010217322713325941,6.708441096481751e-06,58
X1016,0.00010198422182255564,-3.902453787730415e-06,59
X155,9.769732068443308e-05,-1.947446008430189e-06,60
X983,9.635927850547727e-05,-3.0011029704978863e-06,61
X835,9.178245037936775e-05,-2.7108342092998677e-06,62
X1002,9.067403829945847e-05,-3.2210077068852777e-06,63
X731,9.01291133751845e-05,-5.40210550790144e-06,64
X295,8.901511903829444e-05,3.5339839673965414e-06,65
X365,8.716810976208763e-05,-1.0118862599107639e-07,66
X828,8.419594890762172e-05,-3.89158652067151e-06,67
X59,8.139591784320287e-05,2.6476737228337505e-06,68
X719,8.13683849146521e-05,-9.48162336943417e-06,69
X824,7.983598534114899e-05,-1.788702873567668e-06,70
X660,7.865840273334929e-05,8.38971593041839e-07,71
X202,7.775027265066064e-05,-2.4890649395611576e-06,72
X836,7.704308273660068e-05,1.510443278403862e-08,73
X1001,7.701987286863196e-05,-3.8968055532783924e-06,74
X898,7.614095066911872e-05,1.3797991125428633e-06,75
X1076,7.520561651332513e-05,-1.4363638610344389e-06,76
X590,7.485613617727607e-05,-2.8211986189239302e-05,77
X588,7.426035028681179e-05,-3.3985980636295834e-05,78
X1007,7.322262803122995e-05,-8.890729187147468e-07,79
X391,7.23085341448895e-05,6.582231190381495e-07,80
X75,7.168617539641615e-05,-5.46784175356507e-06,81
X895,7.143182237350035e-05,1.9451712879117236e-06,82
X1017,7.133851498620928e-05,1.165985032367618e-05,83
X406,7.118056080882381e-05,1.6508062507076348e-06,84
X85,7.107917467401432e-05,3.2692533392935063e-06,85
X867,7.097003992110552e-05,-6.854529308949948e-07,86
X355,7.003720996609604e-05,1.0584826473033635e-06,87
X998,6.986920827466657e-05,-1.3017962146796385e-06,88
X875,6.986456910155231e-05,9.70560774391229e-07,89
X578,6.903584594590296e-05,3.644350912483764e-05,90
X314,6.805239578659771e-05,-8.462623379522361e-07,91
X929,6.757900612283582e-05,-1.1777289597179253e-06,92
X723,6.499656419442605e-05,9.491756155363208e-06,93
X408,6.414680313454439e-05,-4.3368539412852426e-07,94
X885,6.390254562459978e-05,-5.847057143201366e-07,95
X769,6.270118425264248e-05,1.9003282563323106e-06,96
X890,6.267573302467098e-05,-1.7405396302000993e-06,97
X550,6.261514869104317e-05,8.048696861128391e-07,98
X580,6.0940116918901714e-05,1.0144958990878748e-05,99
X1004,6.083026971732288e-05,5.243427340091784e-06,100
X967,6.0017352600153405e-05,-1.264405101589756e-06,101
X817,5.922600124920722e-05,2.4522342742651404e-06,102
X595,5.903274835727439e-05,2.2515891260787532e-07,103
X122,5.893446256350131e-05,1.9882642103371573e-06,104
X581,5.889658585955929e-05,1.3025179222219994e-05,105
X80,5.876274882705017e-05,-6.98748805929028e-07,106
X398,5.772804259510473e-05,-3.333790741724743e-06,107
X64,5.7438239700274035e-05,-7.404225802082266e-07,108
X294,5.689051923200062e-05,4.338587424640231e-06,109
X79,5.658589045715475e-05,8.114836157859591e-07,110
X483,5.5374490758269155e-05,-1.2711852026479807e-06,111
X812,5.4134932384738285e-05,-3.978015553345559e-06,112
X586,5.373055280165782e-05,-2.080493603148966e-05,113
X832,5.345923489309e-05,-6.096530704348812e-07,114
X274,5.338830574158143e-05,6.029476726564433e-07,115
X661,5.285530012955866e-05,1.4246115021722426e-06,116
X888,5.2796424760034126e-05,-1.164159002614558e-06,117
X190,5.217554788795487e-05,6.750264536620099e-07,118
X904,5.20795116062519e-05,3.2845547975153985e-06,119
X724,5.116588171730821e-05,-9.29750532488746e-06,120
X405,5.060648928705004e-05,5.283390885831304e-06,121
X305,5.018002335240195e-05,-1.5576668529164225e-06,122
X337,5.0155460481251474e-05,2.9465349938188014e-07,123
X1059,4.951744976631903e-05,8.085168296851979e-07,124
X838,4.949102159961494e-05,-2.0715121587581104e-06,125
X735,4.9370821350784894e-05,2.750123777282248e-06,126
X60,4.860122770236552e-05,2.1122249001614203e-06,127
X853,4.820798513109154e-05,-5.882041320613038e-07,128
X340,4.8159816581962866e-05,-3.754925375419658e-06,129
X317,4.776593008062224e-05,-8.439684688518446e-07,130
X773,4.7535699102544475e-05,-1.1366865725546565e-06,131
X45,4.721325026956213e-05,6.818536938930413e-07,132
X713,4.6272600755272386e-05,2.49080773082354e-06,133
X403,4.5959981375394636e-05,4.808284703763551e-07,134
X878,4.481274340877272e-05,-1.3563546178448235e-06,135
X973,4.447373435163642e-05,-3.5069166839792826e-06,136
X53,4.4447694593468574e-05,-6.987538412922762e-07,137
X571,4.320259397830784e-05,3.826811634603571e-06,138
X1030,4.254502653772726e-05,5.086321121878677e-07,139
X901,4.2449472913532044e-05,-1.4405911845632265e-06,140
X810,4.2442449967594e-05,4.784426277542378e-06,141
X574,4.241305508083521e-05,9.272853389693588e-07,142
X880,4.222789641650188e-05,7.16595617202197e-06,143
X999,4.176123396644948e-05,2.221346647892009e-06,144
X1005,4.130370765387419e-05,1.6057035953170702e-06,145
X608,4.0625729093849976e-05,1.1488669273011898e-07,146
X1075,4.038449390158142e-05,1.0374796556487223e-05,147
X67,4.020712239165401e-05,6.352397181170941e-07,148
X839,4.012850234574652e-05,9.093728793846801e-07,149
X682,3.93668789108014e-05,-8.505511317932839e-07,150
X57,3.9027727308171375e-05,9.485469246831922e-07,151
X348,3.868146000480794e-05,1.2643935647720308e-06,152
X649,3.849524436664195e-05,3.3039392686525473e-07,153
X928,3.815311262398767e-05,-3.2965914831604764e-06,154
X271,3.795804030310583e-05,-9.785066240712432e-07,155
X644,3.7814468339902356e-05,-3.603470530217234e-07,156
X29,3.7709867158051956e-05,8.905846968993365e-07,157
X803,3.691095602895123e-05,2.0381071597270997e-06,158
X342,3.6195415495842256e-05,1.6792558505213662e-07,159
X1033,3.6195106978485845e-05,1.4950633235544944e-06,160
X652,3.607517744953683e-05,-4.276906940355695e-06,161
X805,3.5390130744918125e-05,4.590280273041163e-07,162
X873,3.4930740499094225e-05,3.2929120906813786e-06,163
X19,3.488637533223228e-05,2.840015179330599e-07,164
X843,3.423860771048169e-05,1.5108058481631835e-08,165
X837,3.3763630665070624e-05,2.202729799754232e-06,166
X81,3.3502019950287596e-05,-1.1670263382615947e-06,167
X486,3.3435437318892254e-05,9.201816258249173e-07,168
X892,3.3124610063657886e-05,-1.4907408848774862e-06,169
X894,3.305369991078117e-05,-6.258603239529927e-10,170
X396,3.302246463037246e-05,-8.455039069211175e-07,171
X865,3.284248176224632e-05,-1.1847737209088827e-06,172
X576,3.279581894623787e-05,1.0972357625596209e-06,173
X390,3.2595311565158685e-05,-2.4234089555316235e-08,174
X11,3.212262462601458e-05,4.2357510665822445e-07,175
X466,3.211932423504373e-05,-2.0176055401546345e-06,176
X650,3.208391313320278e-05,2.3268730358042706e-07,177
X830,3.181167761355941e-05,2.591529677178026e-07,178
X1000,3.170169668963701e-05,-7.286696067159927e-07,179
X601,3.108129085484467e-05,-1.5760251815936804e-07,180
X807,3.061846671944274e-05,-1.1134261635846475e-06,181
X1083,3.0472330690853118e-05,1.1954916185188065e-06,182
X852,3.029662220262749e-05,2.915195643147983e-06,183
X997,3.0230700345402362e-05,3.0064027620390455e-06,184
X376,3.010152541061311e-05,-2.4027281578031285e-06,185
X560,2.983050853619202e-05,1.4657737767088213e-06,186
X613,2.978034381873655e-05,7.819013974583663e-07,187
X577,2.9738814849492306e-05,5.54002749328289e-07,188
X319,2.9567986500446852e-05,1.2951109196545593e-06,189
X931,2.9421073029041302e-05,2.9312640077342885e-07,190
X146,2.9389969314381845e-05,5.639707112452297e-07,191
X1015,2.9139129673889184e-05,-2.0933173587036324e-06,192
X56,2.896720757088214e-05,3.041799076105491e-07,193
X668,2.8865987883714518e-05,-4.0849941180936573e-07,194
X721,2.885562555790021e-05,-1.0715256266786301e-06,195
X465,2.879793975662252e-05,1.413125729835787e-06,196
X498,2.8648728037686033e-05,-3.8450071759186913e-07,197
X844,2.8450866932601394e-05,1.3841834763615878e-06,198
X485,2.8382570579415045e-05,4.770098309362011e-07,199
X129,2.8100423156344656e-05,5.218364172168564e-07,200
X829,2.8004252894622854e-05,-6.207187948153009e-07,201
X497,2.7740671248236728e-05,-8.109149906873146e-07,202
X753,2.770030416221948e-05,1.501127609738642e-06,203
X73,2.755725726199092e-05,9.543239650978964e-07,204
X582,2.692939465025375e-05,-4.098717435499752e-06,205
X71,2.6827080491091944e-05,-7.108271885095646e-07,206
X1018,2.670112011949769e-05,-2.2602036630445686e-06,207
X877,2.6599605703110444e-05,2.4267958795662244e-06,208
X16,2.6005624511487767e-05,8.836155309666785e-08,209
X200,2.5952552756275825e-05,-4.576175496465911e-07,210
X804,2.592583737610313e-05,-4.272328817655436e-06,211
X584,2.5917007261513645e-05,-4.2077697334598603e-07,212
X58,2.5867077030274596e-05,2.4161368434586883e-07,213
X145,2.5732057470802772e-05,-2.710969009843518e-07,214
X1045,2.5695904844151002e-05,1.58800697769184e-07,215
X664,2.5536930768068184e-05,-7.010456598413121e-09,216
X750,2.527367523597278e-05,1.1016340696472966e-06,217
X193,2.5264398681241202e-05,9.539867588627665e-07,218
X361,2.5202721333688138e-05,1.6802233406499593e-06,219
X891,2.5199324501995516e-05,1.304985116311554e-06,220
X78,2.5171030030574405e-05,1.4484074687331383e-06,221
X415,2.514482201863313e-05,1.8107264650481964e-06,222
X903,2.4833683413454707e-05,-1.8556789291788313e-06,223
X790,2.4657740079770167e-05,5.254594696306131e-07,224
X860,2.409337430864316e-05,1.3910696020653318e-06,225
X165,2.403573543644876e-05,-7.300182086235735e-07,226
X606,2.3996153996508744e-05,-1.9631926688293763e-07,227
X884,2.344659299638479e-05,2.173117554177095e-06,228
X585,2.342191616627965e-05,2.834426580498889e-06,229
X24,2.3256753233701657e-05,-2.841200576086183e-07,230
X761,2.3059763260595383e-05,1.8505530113976568e-06,231
X734,2.296957683991802e-05,2.684812235676112e-06,232
X857,2.2869075668235892e-05,1.35494980494632e-07,233
X818,2.2786962590348445e-05,-4.7088795965143345e-06,234
X800,2.259628780262031e-05,3.3593746223510626e-06,235
X166,2.2024439475266686e-05,1.5820642933331845e-07,236
X116,2.196152933537489e-05,2.1094397568528795e-06,237
X1085,2.1862722158509995e-05,-1.3301990670721734e-06,238
X83,2.1820413162122903e-05,-8.091829258733783e-07,239
X745,2.1719608890747474e-05,1.768624070481334e-06,240
X738,2.168661115256793e-05,9.580807496097472e-07,241
X887,2.140574542087857e-05,2.3757337513206783e-07,242
X809,2.131531931917466e-05,4.411952171754229e-07,243
X816,2.1306086790184237e-05,1.2354427607516216e-06,244
X690,2.088969785154262e-05,-7.331721197609268e-07,245
X46,2.0740898503647845e-05,3.630985693143456e-07,246
X318,2.0622590031202648e-05,1.832845637574781e-07,247
X123,2.051348956799025e-05,-4.6760521645294896e-07,248
X782,2.025084555001017e-05,5.809294398788993e-07,249
X863,2.0241536407262526e-05,3.232861272604124e-06,250
X628,2.0224218481603053e-05,-2.685996821870841e-06,251
X841,2.022211190087793e-05,6.1127777070619545e-09,252
X95,2.006063164787084e-05,-1.011132053639243e-06,253
X1081,1.9954573139099733e-05,1.4779262490893445e-06,254
X913,1.9894220693014264e-05,7.294700067148964e-07,255
X808,1.978075696610698e-05,-1.198032207443924e-06,256
X549,1.967558120012353e-05,-1.663040172494893e-07,257
X266,1.9545778761407893e-05,2.3566338911953082e-07,258
X54,1.9341393996356082e-05,-2.7725379237771535e-08,259
X482,1.9306841754045608e-05,7.559138306091645e-07,260
X66,1.9303890655170416e-05,1.759293337403135e-07,261
X1044,1.923742819096863e-05,3.9513146212603205e-06,262
X909,1.9164797697842722e-05,1.1928368332078872e-06,263
X868,1.8756875322803722e-05,3.4763735621618303e-07,264
X979,1.8727826524235964e-05,-1.383930007958741e-06,265
X665,1.869152280830049e-05,8.159067937220099e-06,266
X203,1.869055043441326e-05,5.196544323207878e-07,267
X28,1.8682644146281645e-05,-7.200851048947958e-08,268
X667,1.8593739545695272e-05,4.1007649574932463e-08,269
X977,1.835466452681338e-05,6.522406584407787e-08,270
X411,1.831263715804189e-05,2.51602031969145e-07,271
X55,1.826795060888133e-05,-7.187732006022112e-07,272
X409,1.8232674752325656e-05,-5.985764993307259e-06,273
X739,1.8062692742847865e-05,1.624715163991694e-07,274
X5,1.8050687969063894e-05,1.1497991839745759e-06,275
X784,1.8043053756506638e-05,-1.982227276647283e-07,276
X963,1.8029850239077504e-05,6.204438502565303e-07,277
X330,1.7999873433544337e-05,-2.2657606572865836e-08,278
X121,1.7993945012975905e-05,5.073633685580566e-07,279
X811,1.7818188610638688e-05,2.156910034956323e-06,280
X670,1.7703627135804333e-05,-2.857184231492912e-07,281
X399,1.758304215987341e-05,-1.2877103068552677e-06,282
X285,1.749204428963486e-05,-8.056006935375186e-07,283
X69,1.744369881429941e-05,3.114820193254481e-07,284
X730,1.7266443409674118e-05,5.480786965930577e-07,285
X41,1.725506847262107e-05,-6.091920965001402e-07,286
X910,1.7233222114691703e-05,-1.1748169487645396e-06,287
X834,1.702319008074145e-05,-5.766614203287744e-07,288
X821,1.694305550620708e-05,9.85483241862155e-07,289
X825,1.6812370262758046e-05,-9.1962674994468e-08,290
X748,1.6795414434939367e-05,4.838916685276998e-07,291
X127,1.6792590319902096e-05,-6.473552523504914e-07,292
X978,1.6785217960024384e-05,6.869117350565118e-07,293
X154,1.67268398814459e-05,1.5940706951298178e-06,294
X802,1.6664837644232014e-05,-4.2429990631082105e-06,295
X840,1.6594555124794705e-05,2.0407240439725042e-06,296
X392,1.6550823720462288e-05,-4.066632966719521e-06,297
X104,1.65061184856977e-05,7.405820540108008e-07,298
X38,1.6369105320920793e-05,-9.998511691482019e-08,299
X791,1.622787972238403e-05,-2.4546915148224304e-06,300
X645,1.610383479257081e-05,1.4139993098984588e-08,301
X579,1.6056578204317735e-05,7.82144380203455e-07,302
X105,1.6031187520437237e-05,1.262039873849249e-06,303
X389,1.5820321431966883e-05,1.4977518425173267e-07,304
X195,1.5749185657798323e-05,-4.519815997572866e-07,305
X481,1.568687475153166e-05,7.04747076814723e-07,306
X18,1.5569322680802264e-05,6.060431970263528e-07,307
X184,1.5491038665111187e-05,-5.096727480536208e-07,308
X589_missing,1.5296174237304788e-05,-5.617766454957725e-07,309
X117,1.5261324530597398e-05,-1.6995815854089566e-07,310
X744,1.5179448552100778e-05,2.6024358084347796e-06,311
X874,1.5111269950814774e-05,-1.3479750133260098e-06,312
X936,1.4911532066382594e-05,1.363565067613302e-06,313
X780,1.4882218131855376e-05,-9.208706278447277e-07,314
X191,1.4870311604601448e-05,2.800726466670835e-07,315
X801,1.4720407580304865e-05,3.039632655411247e-06,316
X36,1.4718136096290083e-05,5.381835321124802e-07,317
X785,1.4684131232124028e-05,1.48210284377708e-06,318
X935,1.456765621486923e-05,2.0383383540484962e-07,319
X881,1.4520899903753537e-05,6.494075654696205e-07,320
X177,1.4502052911771125e-05,-3.180386947719791e-07,321
X851,1.444258004406582e-05,-3.662746311011155e-07,322
X974,1.438967734913193e-05,1.2539740500170712e-07,323
X76,1.4320282594474744e-05,1.555454883398482e-06,324
X77,1.4015054832888442e-05,-1.3984648915179515e-07,325
X260,1.3883731786821021e-05,-5.544584730227633e-07,326
X733,1.3852815003790178e-05,-1.9652295228612625e-07,327
X751,1.382256904083226e-05,4.597153815394145e-07,328
X1013,1.3767380145134554e-05,2.07613404580348e-06,329
X210,1.364816534959477e-05,-4.1985698088295534e-08,330
X815,1.3608663812660614e-05,-9.400042951803458e-07,331
X62,1.35814037868625e-05,-6.046574344560921e-07,332
X752,1.3383976234931376e-05,-2.273324939693015e-07,333
X737,1.3364455565017186e-05,1.7266902593862583e-06,334
X189,1.3323210544533074e-05,6.00803148307177e-07,335
X160,1.3300069492668457e-05,-7.110506406395209e-07,336
X74,1.3108443140573856e-05,9.52583081939503e-07,337
X1012,1.3096074799108901e-05,7.289080709657542e-08,338
X264,1.2907729399179306e-05,5.238735210084799e-07,339
X267,1.2896036706626074e-05,-2.3714431189209784e-07,340
X431,1.2661787838468537e-05,1.0837032660019614e-06,341
X61,1.2559309228320426e-05,7.550388933005492e-09,342
X120,1.245715530024702e-05,2.831319357667562e-07,343
X762,1.2456542708940712e-05,2.6177230555256727e-06,344
X113,1.2307148727676236e-05,-4.0843447763873373e-07,345
X775,1.229752596542684e-05,1.5991720691603485e-06,346
X754,1.2251020997491987e-05,9.409485548941387e-07,347
X180,1.2196857026951534e-05,-3.7836587043742516e-08,348
X959,1.2164028973773233e-05,-1.538593318074676e-07,349
X35,1.2125509477597886e-05,2.101325787426574e-07,350
X911,1.2094552795896059e-05,7.939781265188798e-06,351
X950,1.2014531155304399e-05,7.798285735758269e-07,352
X187,1.1837546155477223e-05,-3.540347928471239e-07,353
X570,1.1769251272810962e-05,1.7616107958058274e-06,354
X720,1.1740431880776522e-05,6.743410411983178e-07,355
X819,1.168865219405865e-05,-1.2971012539173505e-06,356
X173,1.1636028173256576e-05,-6.510118210363233e-07,357
X372,1.1290213629073651e-05,-8.382086843711222e-07,358
X130,1.1138211227005887e-05,2.2786376238481594e-08,359
X214,1.1108798193221211e-05,-1.1805251148325128e-07,360
X968,1.1026001085618485e-05,-1.049318720612462e-06,361
X209,1.0998553051928756e-05,1.9717684758187266e-07,362
X993,1.0954132470537043e-05,6.218164779045651e-07,363
X882,1.0925290607698885e-05,-2.3281785010249948e-07,364
X387,1.0924078373417449e-05,6.914241313897162e-07,365
X641,1.0911815411683524e-05,2.2919626876928536e-07,366
X795,1.0845200621973024e-05,1.5088043654647668e-07,367
X161,1.0842956746242815e-05,1.1368609057144023e-07,368
X27,1.0760891085936018e-05,-4.620566503331495e-07,369
X65,1.0753322641803294e-05,-4.279663673709924e-07,370
X632,1.0751542589538665e-05,1.6881631059650931e-06,371
X806,1.0707855426543339e-05,1.028239993068659e-06,372
X22,1.0690446998764015e-05,2.5855787953010264e-07,373
X814,1.0622670223023393e-05,-1.2405137380591457e-06,374
X563,1.0484209563379521e-05,1.2737842498462415e-06,375
X855,1.0442009854231552e-05,4.932767941195891e-08,376
X889,1.040511051373314e-05,1.716213465122099e-07,377
X793,1.0227233175455287e-05,2.143099420085914e-07,378
X925,9.90278608290149e-06,4.206271682256298e-06,379
X275,9.8592084856412e-06,1.2617174360895472e-07,380
X40,9.819521662077464e-06,3.548813885338205e-07,381
X336,9.771803841869307e-06,2.6192665346899605e-07,382
X63,9.764075520151654e-06,4.3219740620568785e-07,383
X975,9.645985881308274e-06,-3.1171047621447336e-07,384
X418,9.636464637270084e-06,8.209278677821373e-06,385
X1079,9.321019471486267e-06,3.551864194892178e-07,386
X822,9.284751041532731e-06,1.3074023778791764e-06,387
X7,9.190073045978163e-06,-5.963624060835664e-07,388
X823,9.067507214073793e-06,1.693513672148531e-06,389
X174,9.053977932296075e-06,4.602399055994e-07,390
X980,8.952112640113476e-06,2.99035853223067e-07,391
X643,8.94370988846338e-06,4.782322772075899e-08,392
X207,8.928132384924456e-06,1.9463828121762326e-07,393
X799,8.905197258225957e-06,1.8329682373748194e-06,394
X746,8.882744029887662e-06,-2.0932892052181096e-08,395
X388,8.786839569037846e-06,-4.4578043940100246e-07,396
X1042,8.708669198004421e-06,1.4976134672279185e-06,397
X12,8.660226726097557e-06,-4.941644712383557e-08,398
X346,8.601714612485974e-06,1.0778439737937705e-07,399
X110,8.599389515051795e-06,3.151299670526628e-07,400
X788,8.556155658861896e-06,-7.834569818541487e-09,401
X375,8.477299461204088e-06,6.188756789469333e-07,402
X197,8.443171663266948e-06,1.7741455339879491e-07,403
X269,8.3737726667755e-06,-1.2567316684038393e-07,404
X1008,8.372752157365082e-06,-1.8163613450167134e-07,405
X932,8.345649659982308e-06,-9.799616243106593e-07,406
X937,8.249448743773342e-06,-7.270252798068978e-07,407
X969,8.101548525434552e-06,1.7535182355685128e-06,408
X651,8.012895141878724e-06,-3.381645032049715e-07,409
X922,7.962844381245636e-06,5.103640079847204e-09,410
X783,7.844972352028708e-06,5.050292291800087e-07,411
X394,7.67122774304704e-06,1.088901979739406e-06,412
X958,7.638864319990666e-06,3.716188457166491e-07,413
X261,7.570662515196405e-06,-8.921919194358622e-07,414
X939,7.54731480991637e-06,4.747046074211297e-09,415
X820,7.443212416445279e-06,1.1492306613009498e-06,416
X6,7.4298723739921e-06,2.337273040953254e-07,417
X429,7.342870915734078e-06,-1.9350012079388274e-08,418
X393,7.328678614512576e-06,1.671595076861339e-06,419
X850,7.2947397384669555e-06,-8.466444736385097e-07,420
X14,7.284338927834744e-06,8.08522254055262e-08,421
X747,7.26419425142921e-06,-1.2473532131535345e-07,422
X984,7.1047498609251615e-06,1.0048688353757534e-06,423
X760,6.9221476092985245e-06,1.53912441532219e-07,424
X759,6.80545327046761e-06,-2.2769358957727327e-07,425
X883,6.7789490507986134e-06,5.700228031417047e-07,426
X480,6.742893976968847e-06,-3.7467314581976445e-07,427
X792,6.737594821307548e-06,1.4268143387777083e-06,428
X70,6.721556618752445e-06,-3.1811712005981215e-07,429
X380,6.683978914686386e-06,1.810627771502604e-07,430
X473,6.676966121968784e-06,-5.859658993429388e-07,431
X758,6.670119251477486e-06,2.155889551655408e-07,432
X919,6.658816648939183e-06,3.088056406552068e-07,433
X951,6.627706474335713e-06,1.5420907882678929e-06,434
X308,6.5842898966165235e-06,-4.3030179211997474e-08,435
X484,6.4604088676077505e-06,9.582510204303942e-08,436
X669,6.419709716369574e-06,1.729189542970427e-07,437
X797,6.4040437473304474e-06,8.020174150303323e-07,438
X678,6.349582421522979e-06,9.38895930455196e-08,439
X749,6.264802622416486e-06,1.7796717184829482e-07,440
X846,6.256751337081194e-06,3.290481296507211e-07,441
X986,6.240267057002524e-06,-6.499723651665401e-08,442
X798,6.0507120136673194e-06,1.2525335135512996e-07,443
X847,5.904193733953531e-06,-1.7679580349453184e-07,444
X755,5.80505346977772e-06,3.025932119405113e-07,445
X395,5.771237918498376e-06,1.7440242860176182e-07,446
X128,5.766927335462565e-06,8.588166045863212e-09,447
X213,5.7613987068422e-06,-4.122046227290621e-07,448
X985,5.739742466246276e-06,-8.325410905070185e-07,449
X126,5.478504120274506e-06,4.909196787808392e-07,450
X82,5.433097897519667e-06,-1.021614404518351e-06,451
X1011,5.120292095354312e-06,-1.1199544252019592e-06,452
X949,5.054352241162805e-06,-4.229895540563144e-07,453
X111,4.925811438306708e-06,-1.6121431036639502e-07,454
X794,4.723074856379017e-06,-6.155373863978076e-07,455
X637,4.610464514651846e-06,6.223917422621425e-09,456
X47,4.577383445030793e-06,3.111691491147837e-07,457
X956,4.5623890449591625e-06,4.3959605993965964e-07,458
X428,4.461911753901965e-06,1.611218343081564e-07,459
X941,4.361805324335293e-06,-7.788690745747396e-07,460
X150,4.324629986633909e-06,-1.8211847930925322e-07,461
X845,4.24318357201128e-06,6.263065433128589e-07,462
X766,4.227939750919328e-06,2.5574046281608863e-07,463
X940,4.022000523745728e-06,1.1368151476283931e-07,464
X320,3.741609098566251e-06,-5.026688273685725e-07,465
X767,3.542165808201962e-06,-1.5598292865644344e-07,466
X988,3.451663933518405e-06,-2.5363419764931783e-07,467
X960,3.360493785859971e-06,-2.909853486449341e-07,468
X994,3.2587927267718335e-06,-4.042329077760607e-07,469
X972,3.2397761311177755e-06,-4.5474577525257204e-07,470
X764,3.218110863932663e-06,2.2537864654630301e-07,471
X479,3.194945515964221e-06,2.1862346553083637e-07,472
X432,3.149291477665205e-06,-5.5705315151195784e-08,473
X962,3.147569311443611e-06,3.572901498020368e-07,474
X434,3.016556998040909e-06,-1.0012186040224806e-07,475
X332,2.9520784027902435e-06,3.7377174172775224e-07,476
X496,2.8579219086419896e-06,-1.3329644487318583e-07,477
X779,2.8517348733446432e-06,-1.2543911023184456e-07,478
X923,2.8364183250494273e-06,3.641465030522559e-07,479
X917,2.788901867332899e-06,1.9902759487472154e-07,480
X765,2.749187200097735e-06,6.463619709619327e-07,481
X344,2.552484992738558e-06,1.5291090176866138e-07,482
X971,2.5379028732957615e-06,-3.281347524437018e-07,483
X640,2.518360311770686e-06,-2.4809632620084684e-08,484
X915,2.4230611326773652e-06,-1.8460065663387136e-07,485
X1080,2.376010722795297e-06,-9.871035743020427e-08,486
X435,2.359723606265564e-06,1.2376125740995643e-07,487
X646,2.337330430925578e-06,3.068025797951005e-07,488
X386,2.237828814113642e-06,-4.264657907908342e-08,489
X926,2.2127289150861364e-06,-3.2090986662723715e-08,490
X848,2.0641932240257846e-06,-2.1334221586063938e-07,491
X912,1.9762668952982635e-06,2.2797289053644923e-07,492
X548,1.7055131633571502e-06,9.331376280892255e-08,493
X495,1.7002052680449091e-06,8.939538927827044e-09,494
X335,1.6878761088670065e-06,4.215741586392497e-07,495
X112,1.6527971055779256e-06,1.10673484540231e-08,496
X379,1.5222570178755814e-06,2.9183796375661744e-07,497
X976,1.5066117561016964e-06,-3.6474002823470556e-08,498
X587_missing,1.4999324889090929e-06,-2.4515730200261046e-07,499
X430,1.4987874016082204e-06,3.4458386633885028e-09,500
X642,1.4602499598957889e-06,1.3499000843282774e-07,501
X916,1.4547344987620743e-06,5.274230209975175e-08,502
X425,1.377936531532303e-06,4.776826892931763e-08,503
X636,1.3725373578548147e-06,-1.389418218942655e-07,504
X471,1.3539035327696294e-06,1.6784662414567077e-08,505
X639,1.3514068862298673e-06,-1.384837022619335e-07,506
X944,1.3130585730573072e-06,-1.030618365659293e-07,507
X433,1.0582546451568462e-06,-5.314682292399668e-08,508
X813,1.0580014516539746e-06,4.2111032851475305e-07,509
X586_missing,1.0463754415529573e-06,7.053558437487249e-07,510
X952,1.040274756895801e-06,2.6641259790472888e-08,511
X938,1.005679783480479e-06,2.335555265650895e-10,512
X948,6.912810729607283e-07,-5.298717253340764e-08,513
X20,6.456827645815977e-07,-1.8717949300849196e-09,514
X992,5.63005530322789e-07,4.8570910583683525e-08,515
position,0.0,0.0,516
X970,0.0,0.0,517
X924,0.0,0.0,518
X914,0.0,0.0,519
X930,0.0,0.0,520
X590_missing,0.0,0.0,521
X763,0.0,0.0,522
X384,0.0,0.0,523
X918,0.0,0.0,524
X385,0.0,0.0,525
X21,0.0,0.0,526
X920,0.0,0.0,527
X594_missing,0.0,0.0,528
X42,0.0,0.0,529
X927,0.0,0.0,530
X966,0.0,0.0,531
X727_missing,0.0,0.0,532
X921,0.0,0.0,533
X961,0.0,0.0,534
X474,0.0,0.0,535
X467,0.0,0.0,536
X989,0.0,0.0,537
X990,0.0,0.0,538
X991,0.0,0.0,539
X954,0.0,0.0,540
X996,0.0,0.0,541
X796,0.0,0.0,542
X470,0.0,0.0,543
X945,0.0,0.0,544
X946,0.0,0.0,545
X516,0.0,0.0,546
X514,0.0,0.0,547
X1082,0.0,0.0,548
X947,0.0,0.0,549
X512,0.0,0.0,550
X472,0.0,0.0,551
X477,0.0,0.0,552
X476,0.0,0.0,553
X302,0.0,0.0,554
X469,0.0,0.0,555
X987,0.0,0.0,556
X965,0.0,0.0,557
X364,0.0,0.0,558
X647,0.0,0.0,559
X964,0.0,0.0,560
X588_missing,0.0,0.0,561
X374,0.0,0.0,562
X373,0.0,0.0,563
X468,0.0,0.0,564
X611,0.0,0.0,565
X580_missing,0.0,0.0,566
X369,0.0,0.0,567
X368,0.0,0.0,568
X367,0.0,0.0,569
X981,0.0,0.0,570
X366,0.0,0.0,571
X942,0.0,0.0,572
X943,0.0,0.0,573
X957,0.0,0.0,574
X578_missing,0.0,0.0,575
X933,0.0,0.0,576
